"","ntaxa","mpd.obs","mpd.rand.mean","mpd.rand.sd","mpd.obs.rank","mpd.obs.z","mpd.obs.p","runs","TreeN"
"WP4A0960",2,0.306362113764088,0.2868629090057,0.0462843453837907,626,0.421291574866198,0.626,999,"WP4A0960"
"WP4A0962",3,0.376293709640798,0.383611780613211,0.0420253453188332,388,-0.174134701735185,0.388,999,"WP4A0962"
"WP4A0963",19,0.547924405154176,0.54414347365334,0.0152776457309555,609,0.247481291778804,0.609,999,"WP4A0963"
"WP4A0964",2,0.288594885176436,0.287613554147871,0.0456572787671136,416,0.0214934191231536,0.416,999,"WP4A0964"
"WP4A0965",5,0.429789414619597,0.459806998630649,0.0321639632040124,152,-0.933267577153151,0.152,999,"WP4A0965"
"WP4A0966",3,0.397436967394516,0.385128864829122,0.0411518569155461,633,0.299089846435202,0.633,999,"WP4A0966"
"WP4A0967",3,0.427604073849311,0.384070609674469,0.0421396190094442,865,1.03307683358706,0.865,999,"WP4A0967"
"WP4A0968",5,0.452385215072529,0.460654133056022,0.0325636850524193,402,-0.253930658344778,0.402,999,"WP4A0968"
"WP4A0969",3,0.403017636203238,0.384900938519894,0.0407269814859868,699,0.444832811623361,0.699,999,"WP4A0969"
"WP4A0970",6,0.4717996214888,0.479656352036531,0.0302123994287161,388,-0.260049870129265,0.388,999,"WP4A0970"
"WP4A0971",1,NA,NA,NA,NA,NA,NA,999,"WP4A0971"
"WP4A0972",6,0.45492394307743,0.479087788487036,0.0277849509132816,177,-0.869673856362821,0.177,999,"WP4A0972"
"WP4A0973",3,0.380495791417332,0.381875152224246,0.0400115204908232,436,-0.034474091211562,0.436,999,"WP4A0973"
"WP4A0974",5,0.482412921464321,0.459240123153479,0.0314703595015601,772,0.736337260770513,0.772,999,"WP4A0974"
"WP4A0976",3,0.40743021760876,0.382771277673409,0.0422820056518452,756,0.583201755810616,0.756,999,"WP4A0976"
"WP4A0978",5,0.467611218263582,0.459918943894103,0.0320401497077413,612,0.240082347918022,0.612,999,"WP4A0978"
"WP4A0979",2,0.288524862013657,0.289294415681878,0.0458035913404708,371,-0.0168011643999784,0.371,999,"WP4A0979"
"WP4A0980",7,0.461175885268941,0.492634334914128,0.0260771846208122,93,-1.2063591259035,0.093,999,"WP4A0980"
"WP4A0981",6,0.417542843156983,0.478554744444276,0.0288764939077263,23,-2.11285696533152,0.023,999,"WP4A0981"
"WP4A0982",3,0.331091119485351,0.38384451519291,0.0383021641871958,77,-1.37729543035048,0.077,999,"WP4A0982"
"WP4A0983",3,0.352991343152867,0.383247444710573,0.0402424550957918,200,-0.751845320711304,0.2,999,"WP4A0983"
"WP4A0984",7,0.511813659855668,0.49208584249476,0.0269063417347403,774,0.73320325577507,0.774,999,"WP4A0984"
"WP4A0985",2,0.288798352661507,0.286489510827938,0.0475669526862837,412,0.0485387796186243,0.412,999,"WP4A0985"
"WP4A0986",8,0.467561076314662,0.504063880991091,0.0245606757557984,62,-1.48622965586813,0.062,999,"WP4A0986"
"WP4A0987",4,0.404527798195391,0.430109876181606,0.0353761396467775,189,-0.72314498533887,0.189,999,"WP4A0987"
"WP4A0988",2,0.294531630304794,0.287790893207054,0.0464618110772314,461,0.145081238579699,0.461,999,"WP4A0988"
"WP4A0989",4,0.37371575962848,0.431850438822928,0.0360864434791199,51,-1.61098389283183,0.051,999,"WP4A0989"
"WP4A0990",4,0.420045935879284,0.431322407184926,0.035702919344631,330,-0.315841715821442,0.33,999,"WP4A0990"
"WP4A0991",5,0.438635035640644,0.458886059682851,0.0326862105073397,238,-0.619558637354437,0.238,999,"WP4A0991"
"WP4A0993",2,0.327130018112065,0.287880473552473,0.0439753516542249,861,0.892535092572042,0.861,999,"WP4A0993"
"WP4A0994",2,0.323162944967396,0.286923132610295,0.0446415434480567,832,0.811795685318717,0.832,999,"WP4A0994"
"WP4A0995",4,0.428317215877278,0.430287702283757,0.0356456854632189,472,-0.0552798012121968,0.472,999,"WP4A0995"
"WP4A0996",8,0.50168314151152,0.502828164737534,0.0248454137761588,489,-0.0460858988435536,0.489,999,"WP4A0996"
"WP4A1021",1,NA,NA,NA,NA,NA,NA,999,"WP4A1021"
"WP4A1022",8,0.383796414998097,0.503275348636328,0.0239041029044915,1,-4.99826051266626,0.001,999,"WP4A1022"
"WP4A1023",4,0.476999278961939,0.431293374650234,0.0358426058088779,888,1.27518363356226,0.888,999,"WP4A1023"
"WP4A1024",9,0.535910114829505,0.511815238887075,0.0237837145402484,831,1.01308296068114,0.831,999,"WP4A1024"
"WP4A1025",2,0.279735186828543,0.28818689454591,0.0459995734484319,329,-0.183734480208629,0.329,999,"WP4A1025"
"WP4A1026",3,0.329495753863313,0.382528391751094,0.0439758155113497,92,-1.20595007212758,0.092,999,"WP4A1026"
"WP4A1028",4,0.484624111474598,0.431283488065414,0.0335726661355248,943,1.58881106415145,0.943,999,"WP4A1028"
"WP4A1030",8,0.503621646752649,0.503515814345892,0.0252350942075678,517,0.00419385819950366,0.517,999,"WP4A1030"
"WP4A1031",6,0.481030465909741,0.477924985024675,0.0295212332861434,555,0.105194822145999,0.555,999,"WP4A1031"
"WP4A1032",5,0.511717632741419,0.456889762704029,0.0319952234248473,954,1.71362672825753,0.954,999,"WP4A1032"
"WP4A1033",1,NA,NA,NA,NA,NA,NA,999,"WP4A1033"
"WP4A1034",2,0.161828503360811,0.288245711829123,0.0453066838995322,21,-2.79025515856871,0.021,999,"WP4A1034"
"WP4A1035",13,0.529709315626881,0.530705880502364,0.0192065691307661,497,-0.0518866679779213,0.497,999,"WP4A1035"
"WP4A1036",10,0.511190883166644,0.516984979663437,0.0225360154587854,403,-0.257103857041137,0.403,999,"WP4A1036"
"WP4A1037",5,0.487526285664355,0.461060088832303,0.0307392776248809,802,0.860989550731346,0.802,999,"WP4A1037"
"WP4A1038",3,0.372547014725883,0.384615072357555,0.0387648594954114,323,-0.311314365349391,0.323,999,"WP4A1038"
"WP4A1039",2,0.279735186828543,0.28818689454591,0.0459995734484319,329,-0.183734480208629,0.329,999,"WP4A1039"
"WP4A1040",1,NA,NA,NA,NA,NA,NA,999,"WP4A1040"
"WP4A1041",1,NA,NA,NA,NA,NA,NA,999,"WP4A1041"
"WP4A1042",4,0.433632813376349,0.429254831052853,0.0365783508235859,552,0.119687799611599,0.552,999,"WP4A1042"
"WP4A1043",4,0.450609525782319,0.431549654635683,0.0350198150662833,731,0.544259617321246,0.731,999,"WP4A1043"
"WP4A1044",4,0.429205192060194,0.432080356938644,0.0346628680657049,448,-0.0829465372859615,0.448,999,"WP4A1044"
"WP4A1045",6,0.464885380980112,0.478988551989144,0.0286585308030228,306,-0.492110747266408,0.306,999,"WP4A1045"
"WP4A1046",3,0.437456828636555,0.383550698508205,0.0406699379089306,907,1.32545395690198,0.907,999,"WP4A1046"
"WP4A1047",1,NA,NA,NA,NA,NA,NA,999,"WP4A1047"
"WP4A1048",3,0.417613717053832,0.382957246164202,0.0393098343568555,832,0.881623427232427,0.832,999,"WP4A1048"
"WP4A1337",4,0.428876702971504,0.42964959688444,0.0386017793297322,468,-0.0200222354087481,0.468,999,"WP4A1337"
"WP4A1338",1,NA,NA,NA,NA,NA,NA,999,"WP4A1338"
"WP4A1339",1,NA,NA,NA,NA,NA,NA,999,"WP4A1339"
"WP4A1340",2,0.292110177843909,0.28738445395858,0.0468437579954083,440.5,0.100882680800127,0.4405,999,"WP4A1340"
"WP4A1342",2,0.321594565019373,0.28960263703403,0.0433236590205035,811,0.738440120447882,0.811,999,"WP4A1342"
"WP4A1343",6,0.498466850208954,0.480366150992159,0.0288612810817636,726,0.627162015626234,0.726,999,"WP4A1343"
"WP4A1344",5,0.538452840163753,0.458324509719889,0.0324156423073804,992,2.47190321524557,0.992,999,"WP4A1344"
"WP4A1345",2,0.318541707630257,0.286269960331599,0.0472788506588558,794,0.682583160312363,0.794,999,"WP4A1345"
"WP4B0851",3,0.347428274488998,0.383550605354298,0.0392697673743496,157,-0.919850900081837,0.157,999,"WP4B0851"
"WP4B0852",2,0.326932619586972,0.287094991469164,0.0460539745961136,865,0.865020412834686,0.865,999,"WP4B0852"
"WP4B0853",3,0.460547752890442,0.383414880249194,0.0390537302449698,981,1.97504494852147,0.981,999,"WP4B0853"
"WP4B0855",4,0.48679912504016,0.429379167392731,0.034783590969696,949,1.65077716379122,0.949,999,"WP4B0855"
"WP4B0856",3,0.393699607184708,0.383346951432163,0.0413021903206443,601,0.250656337404246,0.601,999,"WP4B0856"
"WP4B0857",3,0.460547752890442,0.383414880249194,0.0390537302449698,981,1.97504494852147,0.981,999,"WP4B0857"
"WP4B0934",4,0.464704792842898,0.431967676281581,0.0349922038171124,828,0.935554580455069,0.828,999,"WP4B0934"
"WP4B0935",3,0.460263313065899,0.383006073236336,0.0415048815197018,981,1.8614012858437,0.981,999,"WP4B0935"
"WP4B0936",4,0.466975418371457,0.432657934685427,0.0354384580615205,837,0.968368421291223,0.837,999,"WP4B0936"
"WP4B0937",3,0.322151949538012,0.38269229479435,0.0413433203959093,80,-1.46433195680935,0.08,999,"WP4B0937"
"WP4B0938",6,0.448828389902979,0.479339745365063,0.029293760367437,144,-1.04156499812162,0.144,999,"WP4B0938"
"WP4B0939",5,0.472391499547717,0.460960146542936,0.031357198577732,670,0.364552750987733,0.67,999,"WP4B0939"
"WP4B0940",2,0.356385195399584,0.288020519076591,0.0459478610097697,956,1.48787505708824,0.956,999,"WP4B0940"
"WP4B0941",5,0.487859252881556,0.460142805591661,0.0327998313851278,810,0.845017980868727,0.81,999,"WP4B0941"
"WP4B0942",3,0.375472595889816,0.383544610952398,0.0408371049536028,359,-0.197663744081588,0.359,999,"WP4B0942"
"WP4B0943",6,0.480491722974197,0.477997395729538,0.0288159904175139,560,0.0865605245045499,0.56,999,"WP4B0943"
"WP4B0945",2,0.192307104652948,0.290536855383562,0.0459908025506826,47,-2.13585641655987,0.047,999,"WP4B0945"
"WP4B0946",4,0.422251545468265,0.431165097001015,0.0360925162882392,372,-0.246963981717598,0.372,999,"WP4B0946"
"WP4B0947",6,0.519029982185729,0.479147804609131,0.0283955534083199,917,1.40452193352612,0.917,999,"WP4B0947"
"WP4B0948",6,0.489194790693672,0.480579993952896,0.0288241379521905,615,0.298874393227793,0.615,999,"WP4B0948"
"WP4B0949",4,0.422479875377232,0.431286421309914,0.0355170849439482,367,-0.247952385354258,0.367,999,"WP4B0949"
"WP4B0950",1,NA,NA,NA,NA,NA,NA,999,"WP4B0950"
"WP4B0951",6,0.494194098861555,0.479443651921989,0.0294505063757331,702,0.50085546073055,0.702,999,"WP4B0951"
"WP4B0952",2,0.292641925824035,0.290169963464449,0.0448298356126716,441,0.0551410087902887,0.441,999,"WP4B0952"
"WP4B0953",7,0.533934750034664,0.492545170631872,0.0270266856171365,933,1.53143378322897,0.933,999,"WP4B0953"
"WP4B0954",4,0.380474090082931,0.432203470819252,0.0357871280844841,76,-1.44547449055432,0.076,999,"WP4B0954"
"WP4B0955",10,0.531981034429199,0.516749513552322,0.0215030064679428,762,0.70834377972142,0.762,999,"WP4B0955"
"WP4B0956",2,0.298766356874398,0.28686045539836,0.0467748699724402,539,0.254536281619866,0.539,999,"WP4B0956"
"WP4B0957",1,NA,NA,NA,NA,NA,NA,999,"WP4B0957"
"WP4B0958",12,0.531786978518385,0.52721712364684,0.0200916877951266,596,0.227450024017072,0.596,999,"WP4B0958"
"WP4B0959",6,0.464897377935292,0.478194044251614,0.0298226314488223,324,-0.445858251614717,0.324,999,"WP4B0959"
"WP4B1001",4,0.458306401972923,0.430863999212324,0.0330006829099767,812,0.831570753716197,0.812,999,"WP4B1001"
"WP4B1002",3,0.41980958333131,0.380878212317465,0.0388950207209608,876,1.00093457445736,0.876,999,"WP4B1002"
"WP4B1003",3,0.437456828636555,0.383550698508205,0.0406699379089306,907,1.32545395690198,0.907,999,"WP4B1003"
"WP4B1004",7,0.509500222321739,0.492110564205975,0.0263509526832225,751,0.659925215031634,0.751,999,"WP4B1004"
"WP4B1005",2,0.326932619586972,0.287094991469164,0.0460539745961136,865,0.865020412834686,0.865,999,"WP4B1005"
"WP4B1006",5,0.481599138699915,0.46019892017544,0.0307069988691112,777,0.696916641567407,0.777,999,"WP4B1006"
"WP4B1008",8,0.516824695813789,0.503138843386875,0.0252521497361443,713,0.54196781541041,0.713,999,"WP4B1008"
"WP4B1009",1,NA,NA,NA,NA,NA,NA,999,"WP4B1009"
"WP4B1010",4,0.397613399829768,0.429972801396341,0.0355636407700705,144,-0.90990126055388,0.144,999,"WP4B1010"
"WP4B1011",2,0.321594565019373,0.28960263703403,0.0433236590205035,811,0.738440120447882,0.811,999,"WP4B1011"
"WP4B1012",6,0.458470609573295,0.478598626780931,0.0292252318268832,221,-0.688720531863177,0.221,999,"WP4B1012"
"WP4B1013",9,0.523056068472489,0.512589083550208,0.024422272270113,667,0.428583581679645,0.667,999,"WP4B1013"
"WP4B1014",10,0.537442812950734,0.516344337745535,0.0224651909023304,838,0.939162960908133,0.838,999,"WP4B1014"
"WP4B1015",1,NA,NA,NA,NA,NA,NA,999,"WP4B1015"
"WP4B1018",3,0.4428900254599,0.381482778640959,0.0413238367966749,947,1.4860006131832,0.947,999,"WP4B1018"
"WP4B1019",5,0.44297463969345,0.459582802843444,0.0313020436036857,283,-0.530577599350053,0.283,999,"WP4B1019"
"WP4B1020",7,0.498495210838631,0.493211056813602,0.0265714172730639,584,0.198866096253944,0.584,999,"WP4B1020"
"WP4B1332",1,NA,NA,NA,NA,NA,NA,999,"WP4B1332"
"WP4B1333",1,NA,NA,NA,NA,NA,NA,999,"WP4B1333"
"WP4B1334",2,0.221959117857321,0.286380818588403,0.0456893665865441,98,-1.40999329918605,0.098,999,"WP4B1334"
"WP4B1336",1,NA,NA,NA,NA,NA,NA,999,"WP4B1336"
"WP4C0858",6,0.508604545197919,0.479092955122234,0.0287430210156911,846,1.02673932776843,0.846,999,"WP4C0858"
"WP4C0859",9,0.550834420939355,0.51131576144786,0.0232813432481322,956,1.69743897808238,0.956,999,"WP4C0859"
"WP4C0862",6,0.520956021358437,0.478021582645053,0.0310701041395971,928,1.3818569297509,0.928,999,"WP4C0862"
"WP4C0863",11,0.548760264667278,0.522194733870406,0.0214818232951791,898,1.23665158361272,0.898,999,"WP4C0863"
"WP4C0864",7,0.505795710637131,0.492829056372331,0.0271555649537421,682,0.477495286394826,0.682,999,"WP4C0864"
"WP4C0865",4,0.427639508271719,0.432215750778437,0.035775265413109,420,-0.127916381720011,0.42,999,"WP4C0865"
"WP4C0866",5,0.514085976087631,0.459338261422753,0.0323994560883336,948,1.68977264666462,0.948,999,"WP4C0866"
"WP4C0868",10,0.533903075605262,0.517966525482844,0.0230577512060297,759,0.691158039655257,0.759,999,"WP4C0868"
"WP4C0869",5,0.445973665200667,0.458416117290237,0.0323649029655063,331,-0.384442743512334,0.331,999,"WP4C0869"
"WP4C0870",9,0.547119244951033,0.510338789521807,0.0235149007360253,937,1.56413398645048,0.937,999,"WP4C0870"
"WP4C0871",5,0.490455707978517,0.45934925866853,0.0322376475898222,834,0.964910644404717,0.834,999,"WP4C0871"
"WP4C0872",7,0.51920701093403,0.492585440263225,0.0263763622633034,835,1.00929652106891,0.835,999,"WP4C0872"
"WP4C0873",1,NA,NA,NA,NA,NA,NA,999,"WP4C0873"
"WP4C0874",4,0.489584549601154,0.430757950526899,0.0365371892480866,953,1.61004719533361,0.953,999,"WP4C0874"
"WP4C0875",2,0.292110177843909,0.28738445395858,0.0468437579954083,440.5,0.100882680800127,0.4405,999,"WP4C0875"
"WP4C0909",3,0.369683827217153,0.382660721644165,0.0400885360467933,312,-0.323705869724581,0.312,999,"WP4C0909"
"WP4C0910",5,0.499176954249188,0.459764030489115,0.0315965584747896,898,1.24738027375736,0.898,999,"WP4C0910"
"WP4C0911",3,0.32879688648584,0.381707715608682,0.0422803791525282,93,-1.25142749860318,0.093,999,"WP4C0911"
"WP4C0912",2,0.325988783932822,0.287951458145055,0.0452384120104451,846,0.84081920866241,0.846,999,"WP4C0912"
"WP4C0913",1,NA,NA,NA,NA,NA,NA,999,"WP4C0913"
"WP4C0914",1,NA,NA,NA,NA,NA,NA,999,"WP4C0914"
"WP4C0915",3,0.353432218842204,0.384272685445964,0.0407578090552055,188,-0.756676262013678,0.188,999,"WP4C0915"
"WP4C0916",1,NA,NA,NA,NA,NA,NA,999,"WP4C0916"
"WP4C0917",3,0.406287201480316,0.383390980545739,0.0413091453608187,744,0.554265181101863,0.744,999,"WP4C0917"
"WP4C0918",3,0.376721152556983,0.382532355595414,0.0408210490471744,384,-0.142358003384842,0.384,999,"WP4C0918"
"WP4C0920",3,0.393699607184708,0.383346951432163,0.0413021903206443,601,0.250656337404246,0.601,999,"WP4C0920"
"WP4C0921",2,0.313668345948392,0.28700980194427,0.0470395232444734,728,0.566726492221715,0.728,999,"WP4C0921"
"WP4C0922",10,0.525442583649097,0.51618039446,0.0222766037744554,662,0.41578102671638,0.662,999,"WP4C0922"
"WP4C0923",9,0.505459907932683,0.510721560933987,0.0234913788240559,424,-0.223982297536141,0.424,999,"WP4C0923"
"WP4C0924",8,0.528587455882425,0.504010802088527,0.0257614327915424,833,0.95400958451215,0.833,999,"WP4C0924"
"WP4C0925",6,0.478227024796473,0.478729369143236,0.0282755098871596,508,-0.0177660579338132,0.508,999,"WP4C0925"
"WP4C0926",4,0.473073527030393,0.432136096061568,0.0359841990863475,872,1.13765019114616,0.872,999,"WP4C0926"
"WP4C0927",3,0.358159580444915,0.384391990504243,0.0379199467186649,216,-0.691783937724169,0.216,999,"WP4C0927"
"WP4C0928",4,0.412584302539385,0.432007752312945,0.0349177926106759,237,-0.556262246875842,0.237,999,"WP4C0928"
"WP4C0929",6,0.492717799663164,0.479318057660392,0.0290451711463776,677,0.461341471711142,0.677,999,"WP4C0929"
"WP4C0931",13,0.545510282509532,0.530623326998187,0.019064040502238,791,0.780891936816731,0.791,999,"WP4C0931"
"WP4C0932",4,0.365465203793753,0.431778543185915,0.036676043095695,44,-1.80808325530476,0.044,999,"WP4C0932"
"WP4C0933",5,0.474690195171161,0.458090915651336,0.0313896007103011,721,0.528814611980004,0.721,999,"WP4C0933"
"WP4C1326",1,NA,NA,NA,NA,NA,NA,999,"WP4C1326"
"WP4C1330",1,NA,NA,NA,NA,NA,NA,999,"WP4C1330"
"WP4D0763",5,0.452311193727851,0.460310840149978,0.032809905905899,380,-0.243818023894065,0.38,999,"WP4D0763"
"WP4D0764",2,0.288594885176436,0.287613554147871,0.0456572787671136,416,0.0214934191231536,0.416,999,"WP4D0764"
"WP4D0765",2,0.151902523020521,0.285856663360769,0.0483598827076376,20.5,-2.76994344982339,0.0205,999,"WP4D0765"
"WP4D0766",10,0.479896056492624,0.51757813735517,0.0225449858511762,44,-1.67141736576338,0.044,999,"WP4D0766"
"WP4D0767",4,0.406740318661173,0.432522366960116,0.0365139739332504,210,-0.706087163946426,0.21,999,"WP4D0767"
"WP4D0768",3,0.41883742749224,0.38388518946913,0.0397385361242075,844,0.879555248685137,0.844,999,"WP4D0768"
"WP4D0769",1,NA,NA,NA,NA,NA,NA,999,"WP4D0769"
"WP4D0789",5,0.471820498264148,0.458711028704307,0.0325942668204562,669,0.40220170105541,0.669,999,"WP4D0789"
"WP4D0791",3,0.407350577739297,0.383632917450696,0.0401801479715103,747,0.590283049863787,0.747,999,"WP4D0791"
"WP4D0792",2,0.313668345948392,0.28700980194427,0.0470395232444734,728,0.566726492221715,0.728,999,"WP4D0792"
"WP4D0794",9,0.499574313675692,0.511553304532687,0.0237962303564205,296,-0.503398676074877,0.296,999,"WP4D0794"
"WP4D0797",9,0.493754513826397,0.509609574119805,0.0233289831781331,236,-0.679629290841509,0.236,999,"WP4D0797"
"WP4D0798",3,0.371609816599196,0.384427175385599,0.0400895071174196,316,-0.319718542531873,0.316,999,"WP4D0798"
"WP4D0800",2,0.354550329643056,0.287127621112762,0.0463431427877832,957,1.45485835604719,0.957,999,"WP4D0800"
"WP4D0850",6,0.459053301387813,0.478056350349972,0.0283131438581468,234,-0.671174104061587,0.234,999,"WP4D0850"
"WP4D0876",3,0.382473186887101,0.382415002781893,0.0391978508963871,464,0.00148436977735911,0.464,999,"WP4D0876"
"WP4D0877",4,0.431167970022156,0.429767940486936,0.0369680590652502,500,0.0378713292128455,0.5,999,"WP4D0877"
"WP4D0878",2,0.326932619586972,0.287094991469164,0.0460539745961136,865,0.865020412834686,0.865,999,"WP4D0878"
"WP4D0879",3,0.353432218842204,0.384272685445964,0.0407578090552055,188,-0.756676262013678,0.188,999,"WP4D0879"
"WP4D0880",6,0.483902829498486,0.479351602363967,0.0294408944961355,562,0.154588616019002,0.562,999,"WP4D0880"
"WP4D0881",1,NA,NA,NA,NA,NA,NA,999,"WP4D0881"
"WP4D0882",2,0.313668345948392,0.28700980194427,0.0470395232444734,728,0.566726492221715,0.728,999,"WP4D0882"
"WP4D0883",5,0.482625975239999,0.460739591656,0.0328841610745902,751,0.665560040724619,0.751,999,"WP4D0883"
"WP4D0884",4,0.477503527987557,0.430539408709273,0.0367599433154268,910,1.27758954564478,0.91,999,"WP4D0884"
"WP4D0885",8,0.578640341466861,0.502436944882309,0.0256571648461161,999,2.97006302300338,0.999,999,"WP4D0885"
"WP4D0886",4,0.431977196602794,0.431449102003928,0.035167003727184,499,0.0150167640940362,0.499,999,"WP4D0886"
"WP4D0887",2,0.313668345948392,0.28700980194427,0.0470395232444734,728,0.566726492221715,0.728,999,"WP4D0887"
"WP4D0888",2,0.313668345948392,0.28700980194427,0.0470395232444734,728,0.566726492221715,0.728,999,"WP4D0888"
"WP4D0889",4,0.406242060540801,0.429797844238848,0.0354239616055584,219,-0.664967514371701,0.219,999,"WP4D0889"
"WP4D0890",4,0.439152107642697,0.430187339988416,0.035534544542909,625,0.252283173165629,0.625,999,"WP4D0890"
"WP4D0891",3,0.393699607184708,0.383346951432163,0.0413021903206443,601,0.250656337404246,0.601,999,"WP4D0891"
"WP4D0893",6,0.443273870575205,0.478255968319598,0.0295444237489349,106,-1.1840507718704,0.106,999,"WP4D0893"
"WP4D0895",3,0.364841316452263,0.380803481843156,0.0416057898637458,289,-0.38365250228796,0.289,999,"WP4D0895"
"WP4D0896",4,0.400836654103781,0.430193642193675,0.0344342807007949,167,-0.852551221992478,0.167,999,"WP4D0896"
"WP4D0897",4,0.389167964873686,0.430412511817415,0.0343995622880487,101,-1.19898464400108,0.101,999,"WP4D0897"
"WP4D0898",2,0.313668345948392,0.28700980194427,0.0470395232444734,728,0.566726492221715,0.728,999,"WP4D0898"
"WP4D0899",6,0.475720411227031,0.477408757546294,0.0294536104811275,503,-0.0573222193029384,0.503,999,"WP4D0899"
"WP4D0901",4,0.477503527987557,0.430539408709273,0.0367599433154268,910,1.27758954564478,0.91,999,"WP4D0901"
"WP4D0902",2,0.305528882022633,0.286428719374102,0.0480525394212838,620,0.397484979536196,0.62,999,"WP4D0902"
"WP4D0903",2,0.313668345948392,0.28700980194427,0.0470395232444734,728,0.566726492221715,0.728,999,"WP4D0903"
"WP4D0904",2,0.313668345948392,0.28700980194427,0.0470395232444734,728,0.566726492221715,0.728,999,"WP4D0904"
"WP4D0905",6,0.455428114218631,0.479494625020297,0.0301885829816954,195,-0.797205712380046,0.195,999,"WP4D0905"
"WP4D0906",3,0.382473186887101,0.382415002781893,0.0391978508963871,464,0.00148436977735911,0.464,999,"WP4D0906"
"WP4D0907",4,0.436917862025104,0.430613392372875,0.0348411202226694,587,0.180949108752433,0.587,999,"WP4D0907"
"WP4D0908",3,0.448252203448705,0.382936026404151,0.0408087034646763,961,1.60054526361248,0.961,999,"WP4D0908"
"WP4E0812",4,0.384213387278055,0.432916454078933,0.0347366443430334,62,-1.40206596584065,0.062,999,"WP4E0812"
"WP4E0814",2,0.289290565435515,0.287512273990617,0.0472862872020447,407,0.0376069162990024,0.407,999,"WP4E0814"
"WP4E0820",1,NA,NA,NA,NA,NA,NA,999,"WP4E0820"
"WP4E0822",1,NA,NA,NA,NA,NA,NA,999,"WP4E0822"
"WP4E0824",1,NA,NA,NA,NA,NA,NA,999,"WP4E0824"
"WP4E0825",2,0.320939856125723,0.286793473546366,0.0464759825025522,831,0.734710289932693,0.831,999,"WP4E0825"
"WP4E0826",1,NA,NA,NA,NA,NA,NA,999,"WP4E0826"
"WP4E0827",3,0.376721152556983,0.382532355595414,0.0408210490471744,384,-0.142358003384842,0.384,999,"WP4E0827"
"WP4E0828",2,0.313668345948392,0.28700980194427,0.0470395232444734,728,0.566726492221715,0.728,999,"WP4E0828"
"WP4E0829",2,0.313668345948392,0.28700980194427,0.0470395232444734,728,0.566726492221715,0.728,999,"WP4E0829"
"WP4E0830",1,NA,NA,NA,NA,NA,NA,999,"WP4E0830"
"WP4E0831",2,0.192412915366926,0.285547794923456,0.0468794173206563,55,-1.98669021245475,0.055,999,"WP4E0831"
"WP4E0832",1,NA,NA,NA,NA,NA,NA,999,"WP4E0832"
"WP4E0833",3,0.375805312413158,0.382395938396541,0.040247371523574,364,-0.163752954140698,0.364,999,"WP4E0833"
"WP4E0834",2,0.337022593827179,0.287467565092865,0.0470921587915537,902,1.05229893905824,0.902,999,"WP4E0834"
"WP4E0835",1,NA,NA,NA,NA,NA,NA,999,"WP4E0835"
"WP4E0836",4,0.447970384992333,0.430522877511982,0.03866179962231,694,0.451285445861207,0.694,999,"WP4E0836"
"WP4E0837",1,NA,NA,NA,NA,NA,NA,999,"WP4E0837"
"WP4E0838",2,0.33265487633582,0.287354971730134,0.0450873019301706,893,1.00471535590763,0.893,999,"WP4E0838"
"WP4E0839",1,NA,NA,NA,NA,NA,NA,999,"WP4E0839"
"WP4E0840",2,0.33265487633582,0.287354971730134,0.0450873019301706,893,1.00471535590763,0.893,999,"WP4E0840"
"WP4E0841",2,0.337022593827179,0.287467565092865,0.0470921587915537,902,1.05229893905824,0.902,999,"WP4E0841"
"WP4E0842",1,NA,NA,NA,NA,NA,NA,999,"WP4E0842"
"WP4E0843",1,NA,NA,NA,NA,NA,NA,999,"WP4E0843"
"WP4E0844",3,0.376721152556983,0.382532355595414,0.0408210490471744,384,-0.142358003384842,0.384,999,"WP4E0844"
"WP4E0845",1,NA,NA,NA,NA,NA,NA,999,"WP4E0845"
"WP4E0847",3,0.375058191314808,0.383927943308699,0.0404100921317291,356,-0.219493486057318,0.356,999,"WP4E0847"
"WP4E0849",1,NA,NA,NA,NA,NA,NA,999,"WP4E0849"
"WP4E1319",1,NA,NA,NA,NA,NA,NA,999,"WP4E1319"
"WP4E1320",1,NA,NA,NA,NA,NA,NA,999,"WP4E1320"
"WP5A0997",5,0.441617172421674,0.459958694529926,0.0296821076447387,239,-0.617931931511729,0.239,999,"WP5A0997"
"WP5A0998",3,0.373769621383158,0.383086613773571,0.0393153889501722,368,-0.236980801645404,0.368,999,"WP5A0998"
"WP5A0999",3,0.331594901658486,0.383270819767162,0.0400773247250868,88,-1.28940537980394,0.088,999,"WP5A0999"
"WP5A1000",2,0.305692937847769,0.289295676419473,0.0463836109944252,603,0.353514120111661,0.603,999,"WP5A1000"
"WP5A1050",3,0.399466202383232,0.385764851617813,0.0394230100728899,646,0.347547047779614,0.646,999,"WP5A1050"
"WP5A1051",15,0.547350532816405,0.536364739146233,0.0180861944688359,725,0.607413222781719,0.725,999,"WP5A1051"
"WP5A1053",3,0.346790467375009,0.383773739927921,0.0405996593029126,158,-0.910925687257161,0.158,999,"WP5A1053"
"WP5A1054",1,NA,NA,NA,NA,NA,NA,999,"WP5A1054"
"WP5A1055",5,0.370019824772602,0.460226158959623,0.0320759687924753,7,-2.81227154106043,0.007,999,"WP5A1055"
"WP5A1056",4,0.433144466636017,0.432792703856351,0.0363520027174372,509,0.00967657222078868,0.509,999,"WP5A1056"
"WP5A1057",2,0.282909732953817,0.286630606124862,0.0476530198146654,356,-0.078082631185097,0.356,999,"WP5A1057"
"WP5A1058",4,0.453391592272845,0.431206380102115,0.0363450802763635,749,0.610404819635451,0.749,999,"WP5A1058"
"WP5A1059",10,0.518966657876212,0.515999270071396,0.0217306274790337,572,0.136553249908642,0.572,999,"WP5A1059"
"WP5A1060",3,0.40810480838122,0.382430559176665,0.0420922411861135,761,0.609952059597748,0.761,999,"WP5A1060"
"WP5A1061",1,NA,NA,NA,NA,NA,NA,999,"WP5A1061"
"WP5A1062",7,0.520232137446959,0.492141010832263,0.0266020485962832,849,1.05597606564107,0.849,999,"WP5A1062"
"WP5A1063",4,0.437548698943626,0.43133191290004,0.0355671095989743,582,0.17479030805938,0.582,999,"WP5A1063"
"WP5A1064",3,0.372233411733295,0.382553849920154,0.0388212107477005,340,-0.265845345574903,0.34,999,"WP5A1064"
"WP5A1065",6,0.468689444732155,0.479728691561781,0.0289361447451417,339,-0.381503718855936,0.339,999,"WP5A1065"
"WP5A1067",3,0.326269541553383,0.38455637582284,0.0415051430009782,79,-1.40432799540248,0.079,999,"WP5A1067"
"WP5A1068",2,0.284343623543768,0.289514157358028,0.0468733656557475,344,-0.11030856739058,0.344,999,"WP5A1068"
"WP5A1069",4,0.430629840430748,0.433514833977451,0.0355633954456273,459,-0.0811225562281817,0.459,999,"WP5A1069"
"WP5A1070",4,0.410055815268039,0.430408641550157,0.0365808961470015,225,-0.556378558915816,0.225,999,"WP5A1070"
"WP5A1071",6,0.465272410917298,0.478988569777834,0.0291569842542873,316,-0.470424469859873,0.316,999,"WP5A1071"
"WP5A1074",3,0.376721152556983,0.382532355595414,0.0408210490471744,384,-0.142358003384842,0.384,999,"WP5A1074"
"WP5A1075",1,NA,NA,NA,NA,NA,NA,999,"WP5A1075"
"WP5A1076",4,0.493329536548823,0.431431965596725,0.0354031280577815,964,1.74836446234568,0.964,999,"WP5A1076"
"WP5A1078",3,0.403183891344144,0.383777760688352,0.0419289144128886,707,0.462834083055269,0.707,999,"WP5A1078"
"WP5A1101",4,0.417431453637192,0.431332987723758,0.0362217298696209,317,-0.383789900057348,0.317,999,"WP5A1101"
"WP5A1102",1,NA,NA,NA,NA,NA,NA,999,"WP5A1102"
"WP5A1103",5,0.459381670930767,0.460231026143532,0.0309705890986977,491,-0.0274245740065843,0.491,999,"WP5A1103"
"WP5A1104",1,NA,NA,NA,NA,NA,NA,999,"WP5A1104"
"WP5A1105",1,NA,NA,NA,NA,NA,NA,999,"WP5A1105"
"WP5A1106",4,0.359538105211071,0.432242026848156,0.0368650770126537,33,-1.97216247811254,0.033,999,"WP5A1106"
"WP5A1107",5,0.462699797948895,0.459381645325219,0.0319386017987752,547,0.103891605668344,0.547,999,"WP5A1107"
"WP5A1108",4,0.444596603112057,0.431589193684756,0.0348962569424361,649,0.37274511844517,0.649,999,"WP5A1108"
"WP5A1109",5,0.453964542802136,0.46085395851131,0.0315996509676489,407,-0.218021892590731,0.407,999,"WP5A1109"
"WP5A1110",4,0.402435056531764,0.431291693583767,0.0342507584698334,173,-0.842510891471754,0.173,999,"WP5A1110"
"WP5A1346",2,0.288798352661507,0.286489510827938,0.0475669526862837,412,0.0485387796186243,0.412,999,"WP5A1346"
"WP5A1347",2,0.263082959349328,0.287894371097428,0.0460755198982483,221,-0.538494450044034,0.221,999,"WP5A1347"
"WP5B1082",5,0.463134705830157,0.459912125286423,0.0321174113229693,549,0.100337493309428,0.549,999,"WP5B1082"
"WP5B1083",4,0.419973069375696,0.431786881234725,0.0356034014428021,334,-0.331816943895334,0.334,999,"WP5B1083"
"WP5B1085",2,0.313668345948392,0.28700980194427,0.0470395232444734,728,0.566726492221715,0.728,999,"WP5B1085"
"WP5B1086",6,0.456440207141881,0.478496809756775,0.0284812682751928,206,-0.774424874685299,0.206,999,"WP5B1086"
"WP5B1087",3,0.427132644191458,0.383516161086547,0.041118724838782,871,1.06074503224314,0.871,999,"WP5B1087"
"WP5B1088",6,0.478202005094366,0.479139755473661,0.0296076047133458,506,-0.0316726188550104,0.506,999,"WP5B1088"
"WP5B1090",2,0.313668345948392,0.28700980194427,0.0470395232444734,728,0.566726492221715,0.728,999,"WP5B1090"
"WP5B1092",4,0.422758709979876,0.429883175993559,0.0350045595118006,370,-0.203529657651649,0.37,999,"WP5B1092"
"WP5B1093",3,0.44421219418297,0.382761087894345,0.0400389720298748,940,1.53478231765723,0.94,999,"WP5B1093"
"WP5B1094",2,0.313668345948392,0.28700980194427,0.0470395232444734,728,0.566726492221715,0.728,999,"WP5B1094"
"WP5B1095",2,0.210501935858082,0.2888313060872,0.0453124879416847,62.5,-1.72864863059218,0.0625,999,"WP5B1095"
"WP5B1096",5,0.419725957308993,0.461074643370322,0.0318014990330484,98,-1.30021185537069,0.098,999,"WP5B1096"
"WP5B1097",7,0.518382763738445,0.49247377182483,0.0255707262503107,848,1.01322862948799,0.848,999,"WP5B1097"
"WP5B1111",5,0.470077615906094,0.460275593117971,0.0321309100728164,633,0.305065208732319,0.633,999,"WP5B1111"
"WP5B1112",4,0.442400648734168,0.429574288247664,0.0361371351565374,645,0.354935731096104,0.645,999,"WP5B1112"
"WP5B1113",5,0.458037089716889,0.460188158332448,0.0316070244101495,468,-0.068056663216576,0.468,999,"WP5B1113"
"WP5B1115",2,0.275458237306493,0.288302216965448,0.0459345488976436,304,-0.279614799038854,0.304,999,"WP5B1115"
"WP5B1116",3,0.343470372090801,0.383463604346872,0.0407674498471198,139,-0.981008927613766,0.139,999,"WP5B1116"
"WP5B1117",5,0.44157172011384,0.461460511575655,0.0318408895161245,237,-0.624630522703924,0.237,999,"WP5B1117"
"WP5B1118",8,0.486127973341414,0.503097592420523,0.0242011085975525,247,-0.701191807420999,0.247,999,"WP5B1118"
"WP5B1119",4,0.401147278122109,0.432405507242482,0.0364207331663953,172,-0.858253703393712,0.172,999,"WP5B1119"
"WP5B1120",8,0.501309662963155,0.503869128919461,0.0243600195175182,463,-0.10506830482893,0.463,999,"WP5B1120"
"WP5B1121",5,0.450022860103559,0.461047365619793,0.0317964134897993,341,-0.346721667831211,0.341,999,"WP5B1121"
"WP5B1122",7,0.504701430525919,0.493093391771071,0.0272000917379722,674,0.426764691335315,0.674,999,"WP5B1122"
"WP5B1123",2,0.295450631239806,0.288570623470562,0.046073999252351,483.5,0.149325169963262,0.4835,999,"WP5B1123"
"WP5B1124",2,0.320643058945613,0.287134266611427,0.0463059961440021,790,0.723638300102238,0.79,999,"WP5B1124"
"WP5B1125",3,0.376721152556983,0.382532355595414,0.0408210490471744,384,-0.142358003384842,0.384,999,"WP5B1125"
"WP5B1126",4,0.492460869442839,0.430335896797936,0.0356009857384953,970,1.74503518248729,0.97,999,"WP5B1126"
"WP5B1127",2,0.356385195399584,0.288020519076591,0.0459478610097697,956,1.48787505708824,0.956,999,"WP5B1127"
"WP5B1128",3,0.395226530582345,0.383552547155913,0.0391899361385521,597,0.29788217529011,0.597,999,"WP5B1128"
"WP5B1129",5,0.471302202782192,0.458954616833103,0.0321022896931451,690,0.384632562571584,0.69,999,"WP5B1129"
"WP5B1130",5,0.522264157564985,0.458653502333812,0.0325549506312647,983,1.95394721840198,0.983,999,"WP5B1130"
"WP5B1131",3,0.395226530582345,0.383552547155913,0.0391899361385521,597,0.29788217529011,0.597,999,"WP5B1131"
"WP5B1133",4,0.439090756882712,0.42989326687849,0.0366610716371007,610,0.250878918523328,0.61,999,"WP5B1133"
"WP5B1134",2,0.313668345948392,0.28700980194427,0.0470395232444734,728,0.566726492221715,0.728,999,"WP5B1134"
"WP5B1349",3,0.373951007107758,0.382012975545593,0.0405190391544353,359,-0.198967413987957,0.359,999,"WP5B1349"
"WP5B1351",2,0.313668345948392,0.28700980194427,0.0470395232444734,728,0.566726492221715,0.728,999,"WP5B1351"
"WP5B1352",1,NA,NA,NA,NA,NA,NA,999,"WP5B1352"
"WP5B1353",4,0.433576671143997,0.431689460311971,0.0349289137440551,514,0.0540300464496158,0.514,999,"WP5B1353"
"WP5C1098",5,0.436444953437005,0.459392331173194,0.0325726301972644,204,-0.704498764675011,0.204,999,"WP5C1098"
"WP5C1099",2,0.313668345948392,0.28700980194427,0.0470395232444734,728,0.566726492221715,0.728,999,"WP5C1099"
"WP5C1100",4,0.426461431599045,0.430457317428509,0.0348098559885845,431,-0.11479179433476,0.431,999,"WP5C1100"
"WP5C1135",5,0.476228670178326,0.459808621954251,0.0334912994238875,715,0.490278027623025,0.715,999,"WP5C1135"
"WP5C1136",2,0.313668345948392,0.28700980194427,0.0470395232444734,728,0.566726492221715,0.728,999,"WP5C1136"
"WP5C1137",3,0.408311093717795,0.381806368661898,0.0405117018043428,785,0.654248621396013,0.785,999,"WP5C1137"
"WP5C1138",2,0.313668345948392,0.28700980194427,0.0470395232444734,728,0.566726492221715,0.728,999,"WP5C1138"
"WP5C1139",2,0.313668345948392,0.28700980194427,0.0470395232444734,728,0.566726492221715,0.728,999,"WP5C1139"
"WP5C1140",3,0.376721152556983,0.382532355595414,0.0408210490471744,384,-0.142358003384842,0.384,999,"WP5C1140"
"WP5C1141",2,0.313668345948392,0.28700980194427,0.0470395232444734,728,0.566726492221715,0.728,999,"WP5C1141"
"WP5C1142",3,0.375058191314808,0.383927943308699,0.0404100921317291,356,-0.219493486057318,0.356,999,"WP5C1142"
"WP5C1143",4,0.420347416988468,0.430676280847925,0.0359502659839206,356,-0.287309803606926,0.356,999,"WP5C1143"
"WP5C1145",1,NA,NA,NA,NA,NA,NA,999,"WP5C1145"
"WP5C1146",1,NA,NA,NA,NA,NA,NA,999,"WP5C1146"
"WP5C1147",5,0.43219558830753,0.459595218545453,0.0328012810623895,162,-0.835321955438492,0.162,999,"WP5C1147"
"WP5C1149",4,0.384213387278055,0.432916454078933,0.0347366443430334,62,-1.40206596584065,0.062,999,"WP5C1149"
"WP5C1151",2,0.313668345948392,0.28700980194427,0.0470395232444734,728,0.566726492221715,0.728,999,"WP5C1151"
"WP5C1152",5,0.486739544885828,0.460105518185121,0.0326177632480277,800,0.816549758430104,0.8,999,"WP5C1152"
"WP5C1153",3,0.385423719522784,0.382200817902482,0.0404158727639509,475,0.0797434621572118,0.475,999,"WP5C1153"
"WP5C1155",3,0.448252203448705,0.382936026404151,0.0408087034646763,961,1.60054526361248,0.961,999,"WP5C1155"
"WP5C1156",2,0.313668345948392,0.28700980194427,0.0470395232444734,728,0.566726492221715,0.728,999,"WP5C1156"
"WP5C1157",3,0.353432218842204,0.384272685445964,0.0407578090552055,188,-0.756676262013678,0.188,999,"WP5C1157"
"WP5C1158",4,0.414245359124588,0.430053172955678,0.0368045085434101,276,-0.429507537437847,0.276,999,"WP5C1158"
"WP5C1159",1,NA,NA,NA,NA,NA,NA,999,"WP5C1159"
"WP5C1160",4,0.367844025777986,0.430992139323026,0.0356833632366809,51,-1.76967941968337,0.051,999,"WP5C1160"
"WP5C1162",2,0.313668345948392,0.28700980194427,0.0470395232444734,728,0.566726492221715,0.728,999,"WP5C1162"
"WP5C1163",2,0.313668345948392,0.28700980194427,0.0470395232444734,728,0.566726492221715,0.728,999,"WP5C1163"
"WP5C1164",2,0.366178902655519,0.287653159539827,0.0464963076727872,983,1.68885976211936,0.983,999,"WP5C1164"
"WP5C1165",3,0.353432218842204,0.384272685445964,0.0407578090552055,188,-0.756676262013678,0.188,999,"WP5C1165"
"WP5C1245",7,0.455670527580879,0.492377977161173,0.0272383530950244,79,-1.34763836316518,0.079,999,"WP5C1245"
"WP5C1246",3,0.369683827217153,0.382660721644165,0.0400885360467933,312,-0.323705869724581,0.312,999,"WP5C1246"
"WP5C1247",4,0.401278584668548,0.430780815227674,0.0351089423595572,163,-0.840305306180629,0.163,999,"WP5C1247"
"WP5C1248",5,0.40035638373907,0.45883412184015,0.0311285521161787,32,-1.8785884381268,0.032,999,"WP5C1248"
"WP5C1249",2,0.313668345948392,0.28700980194427,0.0470395232444734,728,0.566726492221715,0.728,999,"WP5C1249"
"WP5C1250",5,0.453563872746589,0.459915677995324,0.0312414317658673,425,-0.203313513168593,0.425,999,"WP5C1250"
"WP5C1354",3,0.375058191314808,0.383927943308699,0.0404100921317291,356,-0.219493486057318,0.356,999,"WP5C1354"
"WP5C1356",2,0.313668345948392,0.28700980194427,0.0470395232444734,728,0.566726492221715,0.728,999,"WP5C1356"
"WP5C1357",3,0.403813517827656,0.382473494817315,0.041202320608767,728,0.517932550765132,0.728,999,"WP5C1357"
"WP5C1358",2,0.313668345948392,0.28700980194427,0.0470395232444734,728,0.566726492221715,0.728,999,"WP5C1358"
"WP5C1359",2,0.313668345948392,0.28700980194427,0.0470395232444734,728,0.566726492221715,0.728,999,"WP5C1359"
"WP5D1166",4,0.405810071678916,0.431596014821075,0.0360005831449377,198,-0.71626459600238,0.198,999,"WP5D1166"
"WP5D1168",5,0.440031136254496,0.46009362972423,0.0318138047620053,235,-0.63062226036207,0.235,999,"WP5D1168"
"WP5D1169",3,0.371609816599196,0.384427175385599,0.0400895071174196,316,-0.319718542531873,0.316,999,"WP5D1169"
"WP5D1170",1,NA,NA,NA,NA,NA,NA,999,"WP5D1170"
"WP5D1171",3,0.375058191314808,0.383927943308699,0.0404100921317291,356,-0.219493486057318,0.356,999,"WP5D1171"
"WP5D1172",2,0.313668345948392,0.28700980194427,0.0470395232444734,728,0.566726492221715,0.728,999,"WP5D1172"
"WP5D1174",7,0.483221389899081,0.492301758323141,0.0262522732260278,363,-0.34588884344906,0.363,999,"WP5D1174"
"WP5D1175",1,NA,NA,NA,NA,NA,NA,999,"WP5D1175"
"WP5D1177",3,0.403073673164686,0.384082877132531,0.0391434247535142,717,0.485159286693472,0.717,999,"WP5D1177"
"WP5D1178",3,0.371609816599196,0.384427175385599,0.0400895071174196,316,-0.319718542531873,0.316,999,"WP5D1178"
"WP5D1179",4,0.424711835575052,0.430072008326155,0.0362864452969618,421,-0.147718320360025,0.421,999,"WP5D1179"
"WP5D1180",3,0.369683827217153,0.382660721644165,0.0400885360467933,312,-0.323705869724581,0.312,999,"WP5D1180"
"WP5D1181",6,0.405071265880309,0.478457536463402,0.0291589774713206,9,-2.51676419913121,0.009,999,"WP5D1181"
"WP5D1182",1,NA,NA,NA,NA,NA,NA,999,"WP5D1182"
"WP5D1183",1,NA,NA,NA,NA,NA,NA,999,"WP5D1183"
"WP5D1185",7,0.48117156904494,0.492935377725599,0.027453981425931,326,-0.428491900615443,0.326,999,"WP5D1185"
"WP5D1187",4,0.477503527987557,0.430539408709273,0.0367599433154268,910,1.27758954564478,0.91,999,"WP5D1187"
"WP5D1188",1,NA,NA,NA,NA,NA,NA,999,"WP5D1188"
"WP5D1189",4,0.496073194245421,0.428871041888244,0.037031804143349,983,1.81471451126278,0.983,999,"WP5D1189"
"WP5D1190",1,NA,NA,NA,NA,NA,NA,999,"WP5D1190"
"WP5D1215",5,0.445013134346855,0.459680976373611,0.032206046210792,293,-0.455437526567339,0.293,999,"WP5D1215"
"WP5D1217",5,0.492003481638601,0.460712107503682,0.0322267278640998,833,0.970975839274622,0.833,999,"WP5D1217"
"WP5D1219",4,0.422188013266725,0.431630700355028,0.035069211719703,373,-0.269258606773811,0.373,999,"WP5D1219"
"WP5D1220",8,0.469524881496246,0.502779605079642,0.0259161702286829,94,-1.28316503904544,0.094,999,"WP5D1220"
"WP5D1221",6,0.47762440531708,0.478998183178284,0.0281909210907554,480,-0.0487312158684353,0.48,999,"WP5D1221"
"WP5D1222",5,0.39675920921752,0.458129638145841,0.0314909674079463,31,-1.94882640896053,0.031,999,"WP5D1222"
"WP5D1223",3,0.455148345051636,0.38097425333161,0.041914012296027,976,1.76967290070335,0.976,999,"WP5D1223"
"WP5D1224",3,0.375805312413158,0.382395938396541,0.040247371523574,364,-0.163752954140698,0.364,999,"WP5D1224"
"WP5D1226",5,0.44136961185631,0.458340226050069,0.0330561565872272,285,-0.513387397260707,0.285,999,"WP5D1226"
"WP5D1227",7,0.480660158180442,0.492250762833875,0.0272142095125436,327,-0.425902675882986,0.327,999,"WP5D1227"
"WP5D1229",4,0.490775991681462,0.431782502163461,0.033594174739195,959,1.75606306676651,0.959,999,"WP5D1229"
"WP5D1230",4,0.407849951279997,0.431237156978892,0.034779028769521,214,-0.672451374472835,0.214,999,"WP5D1230"
"WP5D1231",2,0.313668345948392,0.28700980194427,0.0470395232444734,728,0.566726492221715,0.728,999,"WP5D1231"
"WP5D1232",5,0.433122424913685,0.459262579176248,0.03117239798235,163,-0.838567320915237,0.163,999,"WP5D1232"
"WP5D1233",2,0.313668345948392,0.28700980194427,0.0470395232444734,728,0.566726492221715,0.728,999,"WP5D1233"
"WP5D1234",5,0.465042850129126,0.459337431849186,0.0315591641347899,585,0.180784834971319,0.585,999,"WP5D1234"
"WP5D1235",1,NA,NA,NA,NA,NA,NA,999,"WP5D1235"
"WP5D1236",3,0.375805312413158,0.382395938396541,0.040247371523574,364,-0.163752954140698,0.364,999,"WP5D1236"
"WP5D1237",2,0.313668345948392,0.28700980194427,0.0470395232444734,728,0.566726492221715,0.728,999,"WP5D1237"
"WP5D1238",3,0.448252203448705,0.382936026404151,0.0408087034646763,961,1.60054526361248,0.961,999,"WP5D1238"
"WP5D1239",2,0.321757946677312,0.286621945746321,0.0468066346469186,823,0.750662832225296,0.823,999,"WP5D1239"
"WP5D1240",5,0.506027421424502,0.458241366783735,0.0330903794496737,933,1.44410718267659,0.933,999,"WP5D1240"
"WP5D1241",2,0.313668345948392,0.28700980194427,0.0470395232444734,728,0.566726492221715,0.728,999,"WP5D1241"
"WP5D1243",2,0.313668345948392,0.28700980194427,0.0470395232444734,728,0.566726492221715,0.728,999,"WP5D1243"
"WP5D1244",3,0.44421219418297,0.382761087894345,0.0400389720298748,940,1.53478231765723,0.94,999,"WP5D1244"
"WP5D1360",3,0.369683827217153,0.382660721644165,0.0400885360467933,312,-0.323705869724581,0.312,999,"WP5D1360"
"WP5D1362",3,0.448252203448705,0.382936026404151,0.0408087034646763,961,1.60054526361248,0.961,999,"WP5D1362"
"WP5E1192",4,0.420850976061288,0.430831400016236,0.0352315336039285,354,-0.283280996710146,0.354,999,"WP5E1192"
"WP5E1193",3,0.378456502084075,0.383183886429455,0.0403597063856251,404,-0.117131286838705,0.404,999,"WP5E1193"
"WP5E1195",1,NA,NA,NA,NA,NA,NA,999,"WP5E1195"
"WP5E1196",6,0.463752867895296,0.478092468063055,0.0292437675297623,300,-0.490347221956435,0.3,999,"WP5E1196"
"WP5E1197",5,0.448528787549164,0.458766225031198,0.0319025613294269,340,-0.320897039467223,0.34,999,"WP5E1197"
"WP5E1201",3,0.371609816599196,0.384427175385599,0.0400895071174196,316,-0.319718542531873,0.316,999,"WP5E1201"
"WP5E1203",2,0.268764241483126,0.288661624954394,0.0444114808853428,274,-0.448023418148042,0.274,999,"WP5E1203"
"WP5E1204",6,0.459021341341044,0.479824949774802,0.028771677897306,224,-0.723058575450886,0.224,999,"WP5E1204"
"WP5E1205",4,0.395373813731077,0.431155290822511,0.0365754552580256,120,-0.978292049654858,0.12,999,"WP5E1205"
"WP5E1206",3,0.371609816599196,0.384427175385599,0.0400895071174196,316,-0.319718542531873,0.316,999,"WP5E1206"
"WP5E1208",3,0.369683827217153,0.382660721644165,0.0400885360467933,312,-0.323705869724581,0.312,999,"WP5E1208"
"WP5E1209",2,0.313668345948392,0.28700980194427,0.0470395232444734,728,0.566726492221715,0.728,999,"WP5E1209"
"WP5E1210",4,0.437006901294094,0.431316773306345,0.0359805003067059,571,0.158144771174522,0.571,999,"WP5E1210"
"WP5E1211",3,0.371609816599196,0.384427175385599,0.0400895071174196,316,-0.319718542531873,0.316,999,"WP5E1211"
"WP5E1213",6,0.434454094773126,0.479342018859807,0.0284463712587259,59,-1.5779841892105,0.059,999,"WP5E1213"
"WP5E1214",1,NA,NA,NA,NA,NA,NA,999,"WP5E1214"
"WP5E1251",4,0.382362302890596,0.431236281226816,0.036319384791133,77,-1.34567197702511,0.077,999,"WP5E1251"
"WP5E1253",6,0.466162451962886,0.481262218202151,0.0282089043412459,303,-0.535283684066608,0.303,999,"WP5E1253"
"WP5E1254",5,0.446136478010281,0.459993240295185,0.0316428930612164,313,-0.437910726370598,0.313,999,"WP5E1254"
"WP5E1255",3,0.403733363442803,0.383350271168466,0.0411969526944731,714,0.494771844546449,0.714,999,"WP5E1255"
"WP5E1256",2,0.298517094150402,0.287361930909213,0.0451886454551436,518,0.246857659237919,0.518,999,"WP5E1256"
"WP5E1257",3,0.378556364763078,0.382304229644205,0.0407495223312874,416,-0.0919732224259527,0.416,999,"WP5E1257"
"WP5E1258",5,0.466228411966422,0.459627935082738,0.0332645433240909,579,0.198423793748678,0.579,999,"WP5E1258"
"WP5E1259",6,0.447706539535793,0.479162129984304,0.0302881277480988,124,-1.0385452250506,0.124,999,"WP5E1259"
"WP5E1260",6,0.411674972900017,0.478729726013238,0.0295373635831432,14,-2.27016717062349,0.014,999,"WP5E1260"
"WP5E1261",6,0.514107547300556,0.478148200454619,0.029142152000237,889,1.23392901271137,0.889,999,"WP5E1261"
"WP5E1262",3,0.375805312413158,0.382395938396541,0.040247371523574,364,-0.163752954140698,0.364,999,"WP5E1262"
"WP5E1264",5,0.501356925882483,0.459493807368809,0.0312422994258211,910,1.33994998073273,0.91,999,"WP5E1264"
"WP5E1265",5,0.455985343995598,0.460106482264452,0.0320871463872544,458,-0.128435798531809,0.458,999,"WP5E1265"
"WP5E1266",5,0.398682376889866,0.45933101880024,0.0341118659077208,40,-1.77793387422549,0.04,999,"WP5E1266"
"WP5E1268",2,0.313668345948392,0.28700980194427,0.0470395232444734,728,0.566726492221715,0.728,999,"WP5E1268"
"WP5E1269",5,0.483329869687229,0.459415107131302,0.0328546552499873,785,0.727895708354331,0.785,999,"WP5E1269"
"WP5E1270",4,0.404480317105562,0.431456192681647,0.0349823494590253,185,-0.771128183019307,0.185,999,"WP5E1270"
"WP5E1271",8,0.544297352179096,0.503152811775662,0.02416755525555,960,1.70247010789329,0.96,999,"WP5E1271"
"WP5E1273",4,0.380175535948807,0.431158638705505,0.0350830091935206,67,-1.45321350501811,0.067,999,"WP5E1273"
"WP5E1275",1,NA,NA,NA,NA,NA,NA,999,"WP5E1275"
"WP5E1277",3,0.393699607184708,0.383346951432163,0.0413021903206443,601,0.250656337404246,0.601,999,"WP5E1277"
"WP5E1278",4,0.435686817357049,0.431430224073607,0.0353085487049927,557,0.120554184172419,0.557,999,"WP5E1278"
"WP5E1279",6,0.462752086155052,0.480572173457883,0.0283477611469773,256,-0.628624151672439,0.256,999,"WP5E1279"
"WP5E1363",1,NA,NA,NA,NA,NA,NA,999,"WP5E1363"
"WP5E1365",3,0.371207205648782,0.381983783385874,0.0406398563257662,345,-0.265172633749185,0.345,999,"WP5E1365"
"WP5E1366",2,0.313668345948392,0.28700980194427,0.0470395232444734,728,0.566726492221715,0.728,999,"WP5E1366"
"WS1D0943",6,0.488596793048041,0.47986640652362,0.0293736858413341,630,0.297217944373054,0.63,999,"WS1D0943"
"WS1D0944",7,0.513833506658542,0.493493609048139,0.02770858689345,767,0.734064775248857,0.767,999,"WS1D0944"
"WS1D0945",7,0.505912936800081,0.493174539323067,0.0269093812459867,679,0.473381285157335,0.679,999,"WS1D0945"
"WS1D0947",8,0.528658356589711,0.50324774693361,0.0260540335320459,833,0.975304250869519,0.833,999,"WS1D0947"
"WS1D0948",6,0.458672487417669,0.479575895767166,0.0282793575035234,215,-0.739175504496245,0.215,999,"WS1D0948"
"WS1D0949",11,0.531314700530296,0.522138576110244,0.0207397699358545,656,0.442440993725247,0.656,999,"WS1D0949"
"WS1D0950",8,0.50535430979888,0.502929024036367,0.0244488679259672,537,0.0991982847572751,0.537,999,"WS1D0950"
"WS1D0951",14,0.509443163004452,0.533950258443849,0.0185087096774956,88,-1.32408449137839,0.088,999,"WS1D0951"
"WS1D0952",5,0.426498428551346,0.459950779235766,0.0318573319181074,117,-1.0500675565177,0.117,999,"WS1D0952"
"WS1D0953",5,0.440410607427823,0.46043497905355,0.0321701467950477,236,-0.62245198174878,0.236,999,"WS1D0953"
"WS1D0954",6,0.521563415095597,0.479264671771679,0.0294007787709966,932,1.4386946568111,0.932,999,"WS1D0954"
"WS1D0955",8,0.511843383482337,0.502860783037193,0.0249676893232924,634,0.359768992990619,0.634,999,"WS1D0955"
"WS1E0956",6,0.463570751686836,0.47849063015307,0.0294396053273198,290,-0.50679614418568,0.29,999,"WS1E0956"
"WS1E0958",6,0.477896636793723,0.479127868686023,0.0277468571237135,476,-0.0443737424678583,0.476,999,"WS1E0958"
"WS1E0959",4,0.407327350700376,0.429706442459211,0.0358234976412649,215,-0.624704264863757,0.215,999,"WS1E0959"
"WS1E0960",5,0.469839302943953,0.459232614869565,0.0327536201216632,640,0.323832542326281,0.64,999,"WS1E0960"
"WS1E0961",3,0.400112379030977,0.382702950928514,0.0408963829158446,669,0.425696036206612,0.669,999,"WS1E0961"
"WS1E0962",5,0.462651863328844,0.459275925654797,0.0335299999188118,558,0.100684094310212,0.558,999,"WS1E0962"
"WS1E0963",1,NA,NA,NA,NA,NA,NA,999,"WS1E0963"
"WS1E0964",6,0.481005598837261,0.478252882004282,0.0290262244537714,571,0.0948355111551992,0.571,999,"WS1E0964"
"WS1E0965",5,0.508341367338661,0.458111024560127,0.0327259215439794,940,1.53487939861469,0.94,999,"WS1E0965"
"WS1E0966",2,0.316539009049438,0.284472590370336,0.0499257632699729,778,0.642281991878688,0.778,999,"WS1E0966"
"WS1E0967",6,0.505859307276917,0.479745225130075,0.0298876526447909,797,0.873741489745022,0.797,999,"WS1E0967"
"WS1E0968",6,0.4819354573833,0.47840159810411,0.0301403314075323,561,0.117246862066911,0.561,999,"WS1E0968"
"WS1E0969",3,0.408456983897713,0.384635024949334,0.0405928077750339,756,0.586851717190919,0.756,999,"WS1E0969"
"WS1E0970",6,0.506660459361115,0.478924900891481,0.0298548693577539,818,0.929012890234928,0.818,999,"WS1E0970"
"WS1E0971",2,0.323029105886761,0.287495708545682,0.0476188362087116,808,0.746204657025569,0.808,999,"WS1E0971"
"WS1E0972",2,0.249906769116005,0.288398024699764,0.0458791627492708,153,-0.838970314129621,0.153,999,"WS1E0972"
"WS1E0973",3,0.334987600490448,0.382065604992781,0.0438214951028685,115,-1.07431306010487,0.115,999,"WS1E0973"
"WS1E0974",6,0.471375104411454,0.477773077838046,0.0306439578770821,406,-0.208784173775968,0.406,999,"WS1E0974"
"WS1E0975",4,0.34994362321486,0.431023614146335,0.0365108252713895,24,-2.22071098992688,0.024,999,"WS1E0975"
"WS1E0976",1,NA,NA,NA,NA,NA,NA,999,"WS1E0976"
"WS1E0977",2,0.29651677397746,0.285890228428089,0.047058654232477,500,0.22581490530676,0.5,999,"WS1E0977"
"WS1E0979",1,NA,NA,NA,NA,NA,NA,999,"WS1E0979"
"WS1E0980",1,NA,NA,NA,NA,NA,NA,999,"WS1E0980"
"WS1E0981",3,0.401715538039121,0.380784922164227,0.0409400827898588,717,0.511249964547667,0.717,999,"WS1E0981"
"WS2D0925",4,0.446459426953512,0.430274473489792,0.0356815728519826,696,0.453594171166728,0.696,999,"WS2D0925"
"WS2D0927",6,0.464019106267568,0.479479693048589,0.030090551358023,293,-0.513802043607252,0.293,999,"WS2D0927"
"WS2D0928",11,0.528768748118865,0.522640181180861,0.0206417513263324,612,0.296901500319193,0.612,999,"WS2D0928"
"WS2D0929",3,0.462833110968567,0.384068622387281,0.0405947592052073,987,1.94026249011922,0.987,999,"WS2D0929"
"WS2D0930",1,NA,NA,NA,NA,NA,NA,999,"WS2D0930"
"WS2D0931",4,0.446459426953512,0.430274473489792,0.0356815728519826,696,0.453594171166728,0.696,999,"WS2D0931"
"WS2D0932",7,0.458597164515696,0.492600211379818,0.0270688257558387,93,-1.25617000053233,0.093,999,"WS2D0932"
"WS2D0933",5,0.499521054011481,0.460310320707498,0.0331319891747576,876,1.1834705455553,0.876,999,"WS2D0933"
"WS2D0934",6,0.519909412882031,0.480067126944817,0.0281191617628595,931,1.41690873551711,0.931,999,"WS2D0934"
"WS2D0936",4,0.40990502683358,0.431321993372992,0.0361512934507825,258,-0.592426010111374,0.258,999,"WS2D0936"
"WS2D0938",4,0.475578068565681,0.431818677634459,0.0370345482005516,875,1.18158295584579,0.875,999,"WS2D0938"
"WS2D0939",1,NA,NA,NA,NA,NA,NA,999,"WS2D0939"
"WS2D0940",5,0.473171235628853,0.460910707570372,0.0326373091681488,659,0.375659892649666,0.659,999,"WS2D0940"
"WS2D0942",6,0.458859141610687,0.478379706408568,0.0293955021609561,236,-0.664066383047159,0.236,999,"WS2D0942"
"WS2E0983",2,0.31040967486533,0.289391653240127,0.0464322567224533,666,0.45265992025409,0.666,999,"WS2E0983"
"WS2E0984",5,0.469170679779532,0.459565331236801,0.0322826096562897,642,0.29753940728454,0.642,999,"WS2E0984"
"WS2E0985",1,NA,NA,NA,NA,NA,NA,999,"WS2E0985"
"WS2E0986",2,0.299603433308098,0.287140168214925,0.0464811508837949,547.5,0.268135897158227,0.5475,999,"WS2E0986"
"WS2E0989",2,0.315471658790453,0.28899607728638,0.0464818320038555,734.5,0.569589888407955,0.7345,999,"WS2E0989"
"WS2E0990",1,NA,NA,NA,NA,NA,NA,999,"WS2E0990"
"WS2E0992",7,0.532683020003674,0.492639074788461,0.0278066747920781,934,1.44008391922578,0.934,999,"WS2E0992"
"WS2E0993",5,0.483529083283393,0.461191888713196,0.031773257953016,767,0.703018702181163,0.767,999,"WS2E0993"
"WS2E0994",3,0.398574691648487,0.383426331236733,0.0409735283516182,656,0.369710908998537,0.656,999,"WS2E0994"
"WS2E0995",1,NA,NA,NA,NA,NA,NA,999,"WS2E0995"
"WS2E0996",4,0.457316984150097,0.43141098496018,0.0342973629784987,797,0.755335015294243,0.797,999,"WS2E0996"
"WS2E0997",6,0.469889513045596,0.478302615601615,0.0300948956343705,372,-0.27955247488582,0.372,999,"WS2E0997"
"WS2E0998",2,0.29651677397746,0.285890228428089,0.047058654232477,500,0.22581490530676,0.5,999,"WS2E0998"
"WS2E0999",1,NA,NA,NA,NA,NA,NA,999,"WS2E0999"
"WS2E1001",3,0.388959123684359,0.38275001657984,0.0394270581414535,536,0.157483398387021,0.536,999,"WS2E1001"
"WS2E1002",6,0.490084398881759,0.478155659212465,0.0281554965703393,679,0.423673567237312,0.679,999,"WS2E1002"
"WS2E1003",3,0.39391382325839,0.3820923149572,0.042113532810321,609,0.280705690364043,0.609,999,"WS2E1003"
"WS2E1005",5,0.470154328022588,0.458654133620756,0.0331775034526675,658,0.346626273982295,0.658,999,"WS2E1005"
"WS2E1006",4,0.386474186311942,0.432212769308559,0.035642043058754,82,-1.28327612761197,0.082,999,"WS2E1006"
"WS2E1007",3,0.416078788875662,0.380321141142081,0.040918000642345,852,0.873885506922268,0.852,999,"WS2E1007"
"WS2E1008",4,0.455123138103203,0.429711173197268,0.0350773066828844,789,0.724455989043597,0.789,999,"WS2E1008"
"WS2E1009",1,NA,NA,NA,NA,NA,NA,999,"WS2E1009"
"WS2E1010",2,0.315471658790453,0.28899607728638,0.0464818320038555,734.5,0.569589888407955,0.7345,999,"WS2E1010"
"WS2E1011",1,NA,NA,NA,NA,NA,NA,999,"WS2E1011"
"WS2E1013",3,0.419864278559062,0.381070057292919,0.0417135606942576,854,0.930014619238288,0.854,999,"WS2E1013"
"WS2E1014",1,NA,NA,NA,NA,NA,NA,999,"WS2E1014"
"WS2E1015",1,NA,NA,NA,NA,NA,NA,999,"WS2E1015"
"WS2E1017",5,0.481237945143559,0.457846696686008,0.0327323139567924,776,0.714622513044085,0.776,999,"WS2E1017"
"WS2E1018",3,0.380502436361983,0.383698041273901,0.0401756840584763,415,-0.0795407716584691,0.415,999,"WS2E1018"
"WS2E1019",1,NA,NA,NA,NA,NA,NA,999,"WS2E1019"
"WS3D0894",3,0.305758208085141,0.382069346266729,0.0419210681040844,47,-1.82035290685145,0.047,999,"WS3D0894"
"WS3D0895",2,0.258209411137549,0.288472368822707,0.0455144724213078,196,-0.664908458237773,0.196,999,"WS3D0895"
"WS3D0896",6,0.530893587776876,0.478880178791985,0.0293326189623143,967,1.77322758161201,0.967,999,"WS3D0896"
"WS3D0897",2,0.303435423525336,0.286318150458666,0.0488030648934726,583,0.350741763945216,0.583,999,"WS3D0897"
"WS3D0898",5,0.449611759247874,0.459278076486275,0.0335482466566065,344,-0.288131816167445,0.344,999,"WS3D0898"
"WS3D0899",4,0.428988695336889,0.432038299315404,0.0354524254220275,439,-0.0860196147996403,0.439,999,"WS3D0899"
"WS3D0900",2,0.256525438309732,0.288193773101539,0.0481994001409869,180,-0.65702757086551,0.18,999,"WS3D0900"
"WS3D0901",4,0.425400528049732,0.431935672051951,0.0354813226195287,405,-0.184185467726105,0.405,999,"WS3D0901"
"WS3D0902",1,NA,NA,NA,NA,NA,NA,999,"WS3D0902"
"WS3D0903",1,NA,NA,NA,NA,NA,NA,999,"WS3D0903"
"WS3D0904",3,0.368821667120499,0.383759366178152,0.0420241929987248,302,-0.355454750983709,0.302,999,"WS3D0904"
"WS3D0905",4,0.428988695336889,0.432038299315404,0.0354524254220275,439,-0.0860196147996403,0.439,999,"WS3D0905"
"WS3D0906",3,0.399873266096256,0.383626110604277,0.0408889105010187,666,0.397348701466972,0.666,999,"WS3D0906"
"WS3D0907",6,0.455026975451938,0.479077263175252,0.0298890184354096,171,-0.804652978995848,0.171,999,"WS3D0907"
"WS3D0908",2,0.303435423525336,0.286318150458666,0.0488030648934726,583,0.350741763945216,0.583,999,"WS3D0908"
"WS3D0909",1,NA,NA,NA,NA,NA,NA,999,"WS3D0909"
"WS3D0910",4,0.494711181444016,0.431417043554269,0.0373189672902967,962,1.69603133434521,0.962,999,"WS3D0910"
"WS3D0911",4,0.494711181444016,0.431417043554269,0.0373189672902967,962,1.69603133434521,0.962,999,"WS3D0911"
"WS3D0912",5,0.4596418343139,0.45966555724347,0.0322123696369564,518,-0.000736454034175246,0.518,999,"WS3D0912"
"WS3D0913",5,0.470286975374862,0.460562082159036,0.0321727996867757,635,0.302270654419398,0.635,999,"WS3D0913"
"WS3D0914",4,0.451077176334925,0.430937755231946,0.0350197175503814,750,0.575088050724717,0.75,999,"WS3D0914"
"WS3D0915",3,0.393963170240377,0.38344801599744,0.0410853954053536,599,0.255934113306999,0.599,999,"WS3D0915"
"WS3D0916",1,NA,NA,NA,NA,NA,NA,999,"WS3D0916"
"WS3D0917",3,0.388901110323847,0.385662668765824,0.0390821958295238,514,0.0828623236050886,0.514,999,"WS3D0917"
"WS3D0918",1,NA,NA,NA,NA,NA,NA,999,"WS3D0918"
"WS3D0919",5,0.443873413033215,0.460095144297351,0.0325226134183796,281,-0.498783140686006,0.281,999,"WS3D0919"
"WS3D0920",4,0.467535888356051,0.430525189007864,0.035117183948313,856,1.05391991005489,0.856,999,"WS3D0920"
"WS3D0921",2,0.27862446051989,0.28791595934956,0.0461563892815904,321,-0.201304715864667,0.321,999,"WS3D0921"
"WS3D0923",1,NA,NA,NA,NA,NA,NA,999,"WS3D0923"
"WS3D0924",4,0.405348398712942,0.431030317384733,0.0357840469460765,203,-0.717691844930003,0.203,999,"WS3D0924"
"WS3E1020",2,0.29651677397746,0.285890228428089,0.047058654232477,500,0.22581490530676,0.5,999,"WS3E1020"
"WS3E1021",1,NA,NA,NA,NA,NA,NA,999,"WS3E1021"
"WS3E1023",2,0.318610197969243,0.289203490569816,0.0449711149745752,768,0.653902119528333,0.768,999,"WS3E1023"
"WS3E1024",4,0.443704625976922,0.429572192203165,0.0352080730511488,688,0.401397536105587,0.688,999,"WS3E1024"
"WS3E1026",1,NA,NA,NA,NA,NA,NA,999,"WS3E1026"
"WS3E1027",4,0.409567350581019,0.431240933116582,0.0354407919438426,230,-0.611543403711341,0.23,999,"WS3E1027"
"WS3E1028",2,0.29651677397746,0.285890228428089,0.047058654232477,500,0.22581490530676,0.5,999,"WS3E1028"
"WS3E1029",5,0.462789994693028,0.458591885309974,0.0315459932717335,576,0.13307900457884,0.576,999,"WS3E1029"
"WS3E1030",4,0.447916950027479,0.431066876470961,0.0350615046715329,709,0.48058615037702,0.709,999,"WS3E1030"
"WS3E1031",2,0.308822778466874,0.286981057152946,0.0470642591838797,680,0.464082972783934,0.68,999,"WS3E1031"
"WS3E1032",6,0.388395216009006,0.478186562331948,0.0290244308727844,3,-3.09364709738847,0.003,999,"WS3E1032"
"WS3E1033",2,0.312213800944161,0.285974323894327,0.04629724153507,722,0.566761132625081,0.722,999,"WS3E1033"
"WS3E1034",4,0.405730222402855,0.431799125121392,0.0344039170925078,197,-0.757730657484149,0.197,999,"WS3E1034"
"WS3E1035",4,0.434769727449358,0.432516712273755,0.0349111589324083,539,0.0645356741082674,0.539,999,"WS3E1035"
"WS3E1036",4,0.445221326476165,0.431122617240098,0.036885849842833,674,0.382225414248015,0.674,999,"WS3E1036"
"WS3E1037",2,0.249906769116005,0.288398024699764,0.0458791627492708,153,-0.838970314129621,0.153,999,"WS3E1037"
"WS3E1038",2,0.323029105886761,0.287495708545682,0.0476188362087116,808,0.746204657025569,0.808,999,"WS3E1038"
"WS3E1039",2,0.296275492152152,0.287657752229617,0.0432642032625097,499,0.199188688862381,0.499,999,"WS3E1039"
"WS3E1040",1,NA,NA,NA,NA,NA,NA,999,"WS3E1040"
"WS3E1042",2,0.30125197924661,0.28673018873258,0.0493270982905074,557,0.294397826292269,0.557,999,"WS3E1042"
"WS3E1043",6,0.532614100896336,0.478141892232447,0.0292693141571508,979,1.86106884402623,0.979,999,"WS3E1043"
"WS3E1044",3,0.335425166890173,0.382279688425242,0.0432556424699458,113,-1.08320022220508,0.113,999,"WS3E1044"
"WS3E1045",2,0.302219304065773,0.287354596947283,0.0460352440750057,581,0.322898410058834,0.581,999,"WS3E1045"
"WS3E1047",2,0.308822778466874,0.286981057152946,0.0470642591838797,680,0.464082972783934,0.68,999,"WS3E1047"
"WS3E1048",3,0.305758208085141,0.382069346266729,0.0419210681040844,47,-1.82035290685145,0.047,999,"WS3E1048"
"WS3E1049",4,0.382835074860977,0.429971513221875,0.0360663292155541,88,-1.30693750614825,0.088,999,"WS3E1049"
"WS3E1050",2,0.29651677397746,0.285890228428089,0.047058654232477,500,0.22581490530676,0.5,999,"WS3E1050"
"WS3E1051",2,0.308822778466874,0.286981057152946,0.0470642591838797,680,0.464082972783934,0.68,999,"WS3E1051"
"WS3E1052",4,0.399906579521883,0.429541573089635,0.0363008661929486,172,-0.816371527065899,0.172,999,"WS3E1052"
"WS3E1053",5,0.449910140177283,0.459850706622245,0.031302876797296,367,-0.317560795109463,0.367,999,"WS3E1053"
"WS3E1055",4,0.427950584091125,0.432054172199435,0.0337024878890501,455,-0.121759204300262,0.455,999,"WS3E1055"
"WS3E1056",1,NA,NA,NA,NA,NA,NA,999,"WS3E1056"
"WS3E1058",3,0.344871337510641,0.381977218284288,0.0399819324936432,141,-0.928066215397338,0.141,999,"WS3E1058"
"WS3E1059",2,0.240058237725765,0.289717936880392,0.0434204305373117,117,-1.14369430565534,0.117,999,"WS3E1059"
"WS3E1060",1,NA,NA,NA,NA,NA,NA,999,"WS3E1060"
"WS3E1061",3,0.399623217279486,0.383416506151548,0.042155248341194,656,0.384452986654586,0.656,999,"WS3E1061"
"WS3E1064",4,0.388309161357126,0.431237001107601,0.0367915265583918,104,-1.16678604467104,0.104,999,"WS3E1064"
"WS3E1066",1,NA,NA,NA,NA,NA,NA,999,"WS3E1066"
"WS3E1067",3,0.409605490579814,0.382906098112232,0.0420721038028416,769,0.634610348764608,0.769,999,"WS3E1067"
"WS3E1068",2,0.315471658790453,0.28899607728638,0.0464818320038555,734.5,0.569589888407955,0.7345,999,"WS3E1068"
"WS3E1069",1,NA,NA,NA,NA,NA,NA,999,"WS3E1069"
"WS3E1070",6,0.474699457684101,0.478480600327609,0.0300429529608366,451,-0.125857889150834,0.451,999,"WS3E1070"
"WS3E1071",1,NA,NA,NA,NA,NA,NA,999,"WS3E1071"
"WS3E1072",2,0.308822778466874,0.286981057152946,0.0470642591838797,680,0.464082972783934,0.68,999,"WS3E1072"
"WS3E1073",3,0.340501013677378,0.384301159961666,0.040602450954782,114,-1.07875621432476,0.114,999,"WS3E1073"
"WS3E1074",2,0.308822778466874,0.286981057152946,0.0470642591838797,680,0.464082972783934,0.68,999,"WS3E1074"
"WS3E1075",2,0.277618408971739,0.28925330027516,0.0459200510242595,298,-0.25337278691771,0.298,999,"WS3E1075"
"WS3E1076",1,NA,NA,NA,NA,NA,NA,999,"WS3E1076"
"WS3E1077",3,0.385688509417436,0.381174052984154,0.0446445147107226,495,0.101120069565866,0.495,999,"WS3E1077"
"WS3E1079",2,0.0229324824212295,0.286123562337454,0.0481899216236308,3,-5.46153782883855,0.003,999,"WS3E1079"
"WS3E1080",3,0.305758208085141,0.382069346266729,0.0419210681040844,47,-1.82035290685145,0.047,999,"WS3E1080"
"WS3E1081",2,0.308822778466874,0.286981057152946,0.0470642591838797,680,0.464082972783934,0.68,999,"WS3E1081"
"WS3E1083",5,0.466271218534217,0.459363470442673,0.0328139960028751,599,0.210512248826325,0.599,999,"WS3E1083"
"WS3E1084",6,0.442352499815991,0.478442170536315,0.0310715678283579,111,-1.16150143821793,0.111,999,"WS3E1084"
"WS3E1085",4,0.44567421044011,0.429089863647014,0.0382223445433716,690,0.433891405438992,0.69,999,"WS3E1085"
"WS3E1086",5,0.456931358240425,0.459296376460616,0.0329594569284459,462,-0.0717553758645265,0.462,999,"WS3E1086"
"WS3E1087",2,0.277618408971739,0.28925330027516,0.0459200510242595,298,-0.25337278691771,0.298,999,"WS3E1087"
"WS3E1088",2,0.302219304065773,0.287354596947283,0.0460352440750057,581,0.322898410058834,0.581,999,"WS3E1088"
"WS3E1089",1,NA,NA,NA,NA,NA,NA,999,"WS3E1089"
"WS3E1090",2,0.273706375062767,0.287429590486431,0.043228661092141,299,-0.317456406859648,0.299,999,"WS3E1090"
"WS3E1092",8,0.511762000896585,0.502216340582958,0.0255230883262497,645,0.374000990460457,0.645,999,"WS3E1092"
"WS3E1093",6,0.469958436390496,0.478125716831423,0.0309439514774562,395,-0.263937863490937,0.395,999,"WS3E1093"
"WS3E1094",9,0.53894429747496,0.510398408612317,0.0237896801828397,879,1.19992739050079,0.879,999,"WS3E1094"
"WS3E1096",2,0.14346122559772,0.287690880019673,0.0466590090277298,10,-3.09114268449713,0.01,999,"WS3E1096"
"WS3E1097",3,0.347538662344415,0.384081184822993,0.0418143284473931,156,-0.873923457231949,0.156,999,"WS3E1097"
"WS3E1098",4,0.488561712823071,0.430605195254434,0.0371968991829145,940,1.55810077833742,0.94,999,"WS3E1098"
"WS3E1099",7,0.477116897269138,0.492134180912566,0.0278425905286847,287,-0.53936373585485,0.287,999,"WS3E1099"
"WS3E1101",4,0.420108028765671,0.431924584670701,0.0362516146035456,338,-0.325959437510793,0.338,999,"WS3E1101"
"WS4D0838",4,0.426828364188236,0.431082000786077,0.0380394007043432,433,-0.111821861519348,0.433,999,"WS4D0838"
"WS4D0839",4,0.34994362321486,0.431023614146335,0.0365108252713895,24,-2.22071098992688,0.024,999,"WS4D0839"
"WS4D0840",6,0.466792805718253,0.478681690649592,0.0299821674429626,336,-0.39653187028442,0.336,999,"WS4D0840"
"WS4D0841",4,0.421058145539657,0.430364262369496,0.0361920876092573,361,-0.257131252839338,0.361,999,"WS4D0841"
"WS4D0843",3,0.37663390737309,0.382505199600293,0.0407600706420187,402,-0.14404519262906,0.402,999,"WS4D0843"
"WS4D0844",5,0.449314912417558,0.459578497687483,0.0326510956070333,355,-0.314341221300843,0.355,999,"WS4D0844"
"WS4D0845",5,0.29553798136715,0.460793976507677,0.0314952303723474,1,-5.24701655415164,0.001,999,"WS4D0845"
"WS4D0847",3,0.353177311714722,0.38200515448297,0.0427693757535244,210,-0.674030010032897,0.21,999,"WS4D0847"
"WS4D0848",2,0.257936195114218,0.287811101385834,0.048760466189634,185,-0.612687051748627,0.185,999,"WS4D0848"
"WS4D0849",1,NA,NA,NA,NA,NA,NA,999,"WS4D0849"
"WS4D0850",2,0.296978795539345,0.29024795487532,0.0480115577085451,465,0.140192090931208,0.465,999,"WS4D0850"
"WS4D0852",5,0.462916670698781,0.459362445552686,0.03170162643999,572,0.112114914760713,0.572,999,"WS4D0852"
"WS4D0853",1,NA,NA,NA,NA,NA,NA,999,"WS4D0853"
"WS4D0854",2,0.300491830587788,0.288133695893005,0.04834024066688,533,0.255649010519935,0.533,999,"WS4D0854"
"WS4D0855",3,0.37663390737309,0.382505199600293,0.0407600706420187,402,-0.14404519262906,0.402,999,"WS4D0855"
"WS4D0856",1,NA,NA,NA,NA,NA,NA,999,"WS4D0856"
"WS4D0857",3,0.389082843423007,0.382456707669445,0.0417181316542792,526,0.158831076340465,0.526,999,"WS4D0857"
"WS4D0858",2,0.293325082033569,0.286171288121851,0.0495312787056454,447,0.144429824923998,0.447,999,"WS4D0858"
"WS4D0859",2,0.312213800944161,0.285974323894327,0.04629724153507,722,0.566761132625081,0.722,999,"WS4D0859"
"WS4D0860",10,0.504053675660561,0.518260026619236,0.0221468205601764,266,-0.641462322777828,0.266,999,"WS4D0860"
"WS4D0861",1,NA,NA,NA,NA,NA,NA,999,"WS4D0861"
"WS4D0862",3,0.377241637611282,0.383576012872577,0.0424843597191167,372,-0.149098993210072,0.372,999,"WS4D0862"
"WS4D0863",5,0.426142490536179,0.459381277624375,0.0311785692422551,125,-1.06607801114712,0.125,999,"WS4D0863"
"WS4D0864",2,0.316178135312991,0.287648620351046,0.045764681555053,761,0.623395902528574,0.761,999,"WS4D0864"
"WS4D0865",1,NA,NA,NA,NA,NA,NA,999,"WS4D0865"
"WS4D0866",2,0.316011727234924,0.28722971317859,0.0455767057408682,771,0.631507117253649,0.771,999,"WS4D0866"
"WS4D0867",6,0.434528191147679,0.480294615611371,0.0288059502243491,56,-1.58878370986724,0.056,999,"WS4D0867"
"WS4D0868",3,0.375093468303238,0.383296513971122,0.0409508526353003,369,-0.200314404706981,0.369,999,"WS4D0868"
"WS4D0869",3,0.381074054996698,0.384606261511844,0.0427340828361711,408,-0.0826554890317146,0.408,999,"WS4D0869"
"WS4D0870",4,0.425400528049732,0.431935672051951,0.0354813226195287,405,-0.184185467726105,0.405,999,"WS4D0870"
"WS4D0871",4,0.400039893416456,0.431491601687736,0.0356956939335392,173,-0.881106509088699,0.173,999,"WS4D0871"
"WS4D0872",7,0.504743091832967,0.493860870970501,0.0271448494467043,654,0.400894500587735,0.654,999,"WS4D0872"
"WS4D0875",3,0.379642278367932,0.382091209266889,0.0425512136441825,461,-0.0575525511313318,0.461,999,"WS4D0875"
"WS4D0877",3,0.386209406154578,0.383894730155517,0.0413637073387144,495,0.0559591039581202,0.495,999,"WS4D0877"
"WS4D0878",1,NA,NA,NA,NA,NA,NA,999,"WS4D0878"
"WS4D0879",2,0.256525438309732,0.288193773101539,0.0481994001409869,180,-0.65702757086551,0.18,999,"WS4D0879"
"WS4D0880",3,0.456145030075994,0.385529721953136,0.042472064187137,966,1.66262953012403,0.966,999,"WS4D0880"
"WS4D0881",5,0.432389922065473,0.460260793514,0.031907618998226,175,-0.873486406180184,0.175,999,"WS4D0881"
"WS4D0884",2,0.149204429391356,0.288393835260091,0.0453923437452037,14,-3.06636305562968,0.014,999,"WS4D0884"
"WS4D0885",2,0.326094915630404,0.285501218842481,0.0481743598718933,857,0.84264112477822,0.857,999,"WS4D0885"
"WS4D0886",6,0.476575264744856,0.478754851185784,0.0292586025549348,457,-0.0744938667810717,0.457,999,"WS4D0886"
"WS4D0887",1,NA,NA,NA,NA,NA,NA,999,"WS4D0887"
"WS4D0888",2,0.23635152315989,0.287138946956934,0.0482782601475887,131,-1.05197295100911,0.131,999,"WS4D0888"
"WS4D0889",2,0.0234034078715045,0.286883972346716,0.0465916258286073,1,-5.65510560727061,0.001,999,"WS4D0889"
"WS4D0890",3,0.211434126559043,0.382142087393,0.0422605053438691,4,-4.03942071787655,0.004,999,"WS4D0890"
"WS4D0892",6,0.451157012433513,0.478654018289707,0.0288299881009166,152,-0.953764037638285,0.152,999,"WS4D0892"
"WS4D0893",4,0.41134707069349,0.432694049056243,0.0373099258334103,243,-0.572152795426835,0.243,999,"WS4D0893"
"WS4E1102",2,0.284160331063293,0.28887543231708,0.0483315037322709,364,-0.0975575119678985,0.364,999,"WS4E1102"
"WS4E1103",2,0.240058237725765,0.289717936880392,0.0434204305373117,117,-1.14369430565534,0.117,999,"WS4E1103"
"WS4E1104",3,0.281522769973107,0.384803040711035,0.0391942708829065,18,-2.63508590442924,0.018,999,"WS4E1104"
"WS4E1105",1,NA,NA,NA,NA,NA,NA,999,"WS4E1105"
"WS4E1107",6,0.460351088011782,0.479091448143476,0.028611822369751,240,-0.654986595733451,0.24,999,"WS4E1107"
"WS4E1108",1,NA,NA,NA,NA,NA,NA,999,"WS4E1108"
"WS4E1110",4,0.454806168541157,0.430055084592085,0.0370605119060522,765,0.66785596517975,0.765,999,"WS4E1110"
"WS4E1111",7,0.492098270099744,0.49425750112018,0.0293533845932486,467,-0.0735598654245874,0.467,999,"WS4E1111"
"WS4E1112",2,0.251178251447055,0.288382922237017,0.0452972735781488,156,-0.821344594300473,0.156,999,"WS4E1112"
"WS4E1113",2,0.301728118924969,0.288396960339904,0.0486885358141571,544,0.273804877516734,0.544,999,"WS4E1113"
"WS4E1114",3,0.376170521400358,0.384830153662455,0.0391892235893779,353,-0.220969732721228,0.353,999,"WS4E1114"
"WS4E1117",8,0.469234508355273,0.501993903762294,0.0245335676637174,73,-1.33528868919742,0.073,999,"WS4E1117"
"WS4E1119",5,0.453914199882138,0.460852595565689,0.0340951619691729,389,-0.203500886425587,0.389,999,"WS4E1119"
"WS4E1121",2,0.313392663044303,0.28595538723692,0.0450476444524506,754,0.609072375279111,0.754,999,"WS4E1121"
"WS4E1122",5,0.424709067440587,0.460345623499607,0.0325266691736277,117,-1.09561037033309,0.117,999,"WS4E1122"
"WS4E1123",4,0.428988695336889,0.432038299315404,0.0354524254220275,439,-0.0860196147996403,0.439,999,"WS4E1123"
"WS4E1124",5,0.475879756575957,0.457999320691534,0.0322009630782557,740,0.555276431980301,0.74,999,"WS4E1124"
"WS4E1126",6,0.386808480856403,0.479512566970509,0.0288314677530451,5,-3.21537865876822,0.005,999,"WS4E1126"
"WS4E1127",3,0.346527735707052,0.385289955905841,0.0418067849038076,144,-0.927175344575671,0.144,999,"WS4E1127"
"WS4E1128",2,0.308822778466874,0.286981057152946,0.0470642591838797,680,0.464082972783934,0.68,999,"WS4E1128"
"WS4E1129",5,0.426649467378213,0.460483080408024,0.031258425472395,125,-1.08238378992217,0.125,999,"WS4E1129"
"WS4E1130",2,0.330611171922547,0.286913190840123,0.045660277788275,889,0.957023986692541,0.889,999,"WS4E1130"
"WS4E1132",2,0.235096905551732,0.288215210662771,0.0450438080712859,117,-1.17925875687453,0.117,999,"WS4E1132"
"WS4E1134",1,NA,NA,NA,NA,NA,NA,999,"WS4E1134"
"WS4E1135",7,0.497347493361523,0.493675927295226,0.0260762259844276,572,0.140801282689024,0.572,999,"WS4E1135"
"WS4E1136",3,0.365647795856784,0.384455149174516,0.0426519349013362,269,-0.440949592585624,0.269,999,"WS4E1136"
"WS4E1137",2,0.322643019062865,0.286903622681536,0.0460195945204701,828,0.776612587610515,0.828,999,"WS4E1137"
"WS4E1138",1,NA,NA,NA,NA,NA,NA,999,"WS4E1138"
"WS4E1139",1,NA,NA,NA,NA,NA,NA,999,"WS4E1139"
"WS4E1140",5,0.437097377453553,0.459903603976119,0.031898292943712,212,-0.714966990954976,0.212,999,"WS4E1140"
"WS4E1141",1,NA,NA,NA,NA,NA,NA,999,"WS4E1141"
"WS4E1142",1,NA,NA,NA,NA,NA,NA,999,"WS4E1142"
"WS4E1143",7,0.454481372882768,0.492551377879922,0.0269625791386362,71,-1.41195709807308,0.071,999,"WS4E1143"
"WS4E1144",5,0.400647014204864,0.460749233003577,0.0337968739614029,43,-1.77833662566992,0.043,999,"WS4E1144"
"WS4E1145",4,0.435464974781015,0.431542100417246,0.036525513820559,538,0.107400935768929,0.538,999,"WS4E1145"
"WS4E1146",3,0.403798898944782,0.383185512244528,0.040891403225221,708,0.50410074182879,0.708,999,"WS4E1146"
"WS4E1147",1,NA,NA,NA,NA,NA,NA,999,"WS4E1147"
"WS4E1148",7,0.481917519311962,0.494197290435446,0.0261202887910549,316,-0.470123865081071,0.316,999,"WS4E1148"
"WS4E1149",5,0.452622009901647,0.458931878236231,0.0330763290426565,424,-0.190766887294139,0.424,999,"WS4E1149"
"WS4E1150",6,0.459751445159423,0.479094734989487,0.0299210960300684,235,-0.646476646798807,0.235,999,"WS4E1150"
"WS4E1151",6,0.442700331790201,0.479123041883681,0.0300598983621913,103,-1.21167109930392,0.103,999,"WS4E1151"
"WS4E1152",2,0.326618907903385,0.285706357884289,0.0478369686389875,869,0.85524963606813,0.869,999,"WS4E1152"
"WS4E1153",2,0.302219304065773,0.287354596947283,0.0460352440750057,581,0.322898410058834,0.581,999,"WS4E1153"
"WS4E1154",1,NA,NA,NA,NA,NA,NA,999,"WS4E1154"
"WS4E1155",3,0.413614083951,0.383997194586395,0.0385987875093816,810,0.767301028753992,0.81,999,"WS4E1155"
"WS4E1157",5,0.44802152030352,0.460245973605903,0.0325811176906033,338,-0.375200550775092,0.338,999,"WS4E1157"
"WS4E1158",2,0.284160331063293,0.28887543231708,0.0483315037322709,364,-0.0975575119678985,0.364,999,"WS4E1158"
"WS4E1159",1,NA,NA,NA,NA,NA,NA,999,"WS4E1159"
"WS4E1161",1,NA,NA,NA,NA,NA,NA,999,"WS4E1161"
"WS4E1162",2,0.268019138309189,0.289496635104994,0.0452566320815819,235,-0.474571257469826,0.235,999,"WS4E1162"
"WS5D0791",2,0.290493602769493,0.289413399334093,0.0486165956087652,402,0.0222188209987592,0.402,999,"WS5D0791"
"WS5D0792",9,0.542260543670609,0.509160381825383,0.0233745206174761,914,1.41607874603762,0.914,999,"WS5D0792"
"WS5D0793",4,0.187812354937617,0.429039953739603,0.0367481572308506,1,-6.56434545238834,0.001,999,"WS5D0793"
"WS5D0795",1,NA,NA,NA,NA,NA,NA,999,"WS5D0795"
"WS5D0796",3,0.210680257537873,0.380932692597985,0.0416121696190686,1,-4.09140971544284,0.001,999,"WS5D0796"
"WS5D0798",3,0.237930156617647,0.382645749557509,0.0425650750810448,9,-3.39986697226119,0.009,999,"WS5D0798"
"WS5D0799",2,0.0229324824212295,0.286123562337454,0.0481899216236308,3,-5.46153782883855,0.003,999,"WS5D0799"
"WS5D0800",4,0.393116360266804,0.430593396953758,0.0368741194370916,126,-1.01635068875044,0.126,999,"WS5D0800"
"WS5D0803",1,NA,NA,NA,NA,NA,NA,999,"WS5D0803"
"WS5D0804",3,0.237930156617647,0.382645749557509,0.0425650750810448,9,-3.39986697226119,0.009,999,"WS5D0804"
"WS5D0805",2,0.0229324824212295,0.286123562337454,0.0481899216236308,3,-5.46153782883855,0.003,999,"WS5D0805"
"WS5D0807",3,0.318883775107962,0.382509371104758,0.0404847499008938,63,-1.57159414724186,0.063,999,"WS5D0807"
"WS5D0808",2,0.0229324824212295,0.286123562337454,0.0481899216236308,3,-5.46153782883855,0.003,999,"WS5D0808"
"WS5D0810",3,0.237930156617647,0.382645749557509,0.0425650750810448,9,-3.39986697226119,0.009,999,"WS5D0810"
"WS5D0811",1,NA,NA,NA,NA,NA,NA,999,"WS5D0811"
"WS5D0812",1,NA,NA,NA,NA,NA,NA,999,"WS5D0812"
"WS5D0814",2,0.162364271777999,0.284655516702521,0.0500789788334568,41.5,-2.44196762340572,0.0415,999,"WS5D0814"
"WS5D0815",1,NA,NA,NA,NA,NA,NA,999,"WS5D0815"
"WS5D0816",7,0.470910619859194,0.492105919278588,0.0280171941555656,203,-0.756510423624402,0.203,999,"WS5D0816"
"WS5D0817",4,0.318821408472892,0.430410786260756,0.0350914691115677,8,-3.17995742592263,0.008,999,"WS5D0817"
"WS5D0819",2,0.256525438309732,0.288193773101539,0.0481994001409869,180,-0.65702757086551,0.18,999,"WS5D0819"
"WS5D0820",2,0.255884931658744,0.286635601065401,0.0458414229031116,204,-0.670805299208328,0.204,999,"WS5D0820"
"WS5D0824",1,NA,NA,NA,NA,NA,NA,999,"WS5D0824"
"WS5D0825",1,NA,NA,NA,NA,NA,NA,999,"WS5D0825"
"WS5D0826",4,0.415157789561204,0.432819307761401,0.0363489889052647,291,-0.485887468458286,0.291,999,"WS5D0826"
"WS5D0828",4,0.356750677550841,0.429550678982257,0.0364512572011943,30,-1.99718766981323,0.03,999,"WS5D0828"
"WS5D0829",3,0.305022932804761,0.382204561931573,0.0393418626902736,38,-1.96181939158396,0.038,999,"WS5D0829"
"WS5D0830",1,NA,NA,NA,NA,NA,NA,999,"WS5D0830"
"WS5D0833",3,0.35209926512192,0.384244290600497,0.0387157562543286,174,-0.830282773437568,0.174,999,"WS5D0833"
"WS5D0834",3,0.398903041702412,0.384479884517685,0.0404948752268679,666,0.356172407099009,0.666,999,"WS5D0834"
"WS5D0835",4,0.426160423584625,0.430299474922053,0.0381937728724162,413,-0.108369795025336,0.413,999,"WS5D0835"
"WS5D0836",4,0.34994362321486,0.431023614146335,0.0365108252713895,24,-2.22071098992688,0.024,999,"WS5D0836"
"WS5D0837",3,0.361332211377417,0.38350445911378,0.0443013755127912,237,-0.500486666152392,0.237,999,"WS5D0837"
"WS5E1163",1,NA,NA,NA,NA,NA,NA,999,"WS5E1163"
"WS5E1164",3,0.386209406154578,0.383894730155517,0.0413637073387144,495,0.0559591039581202,0.495,999,"WS5E1164"
"WS5E1165",4,0.378021506086101,0.431301599802818,0.036342319384484,67,-1.46606200757414,0.067,999,"WS5E1165"
"WS5E1168",2,0.256525438309732,0.288193773101539,0.0481994001409869,180,-0.65702757086551,0.18,999,"WS5E1168"
"WS5E1169",5,0.421767962864152,0.460327088204033,0.0323952919502432,104,-1.19026941936825,0.104,999,"WS5E1169"
"WS5E1170",5,0.466271218534217,0.459363470442673,0.0328139960028751,599,0.210512248826325,0.599,999,"WS5E1170"
"WS5E1173",2,0.26240251666095,0.289607527743658,0.0485205267656632,206,-0.560690761130825,0.206,999,"WS5E1173"
"WS5E1174",3,0.331871744354378,0.382186551001537,0.0424508771711964,101,-1.18524774986978,0.101,999,"WS5E1174"
"WS5E1175",7,0.47297773767469,0.492909300985505,0.0275473099049009,225,-0.723539372070203,0.225,999,"WS5E1175"
"WS5E1178",1,NA,NA,NA,NA,NA,NA,999,"WS5E1178"
"WS5E1180",11,0.508962091038845,0.522024922928897,0.0210640239850356,264,-0.620148927827473,0.264,999,"WS5E1180"
"WS5E1181",5,0.417597811160856,0.460188748968236,0.0326486656378583,95,-1.30452307851729,0.095,999,"WS5E1181"
"WS5E1182",5,0.440051679925224,0.461387675857728,0.0332193111591077,232,-0.642276892206248,0.232,999,"WS5E1182"
"WS5E1183",2,0.284160331063293,0.28887543231708,0.0483315037322709,364,-0.0975575119678985,0.364,999,"WS5E1183"
"WS5E1184",4,0.420232741840033,0.432600544059568,0.0352852510101559,337,-0.350509118270842,0.337,999,"WS5E1184"
"WS5E1185",1,NA,NA,NA,NA,NA,NA,999,"WS5E1185"
"WS5E1186",3,0.380771923953044,0.382023549687187,0.0407434941594198,449,-0.0307196464114127,0.449,999,"WS5E1186"
"WS5E1187",2,0.304486509142852,0.286592589770036,0.0467739333721391,606.5,0.38256178351412,0.6065,999,"WS5E1187"
"WS5E1188",4,0.445444614580846,0.431452961237876,0.0363554880394487,677,0.384856705204667,0.677,999,"WS5E1188"
"WS5E1190",1,NA,NA,NA,NA,NA,NA,999,"WS5E1190"
"WS5E1191",6,0.459017839844074,0.478869867304799,0.0291775822675879,233,-0.680386307496675,0.233,999,"WS5E1191"
"WS5E1192",3,0.419190709588211,0.384338026659337,0.0396711431626846,837,0.8785399197081,0.837,999,"WS5E1192"
"WS5E1193",2,0.303569907517198,0.286953258685036,0.0475632396182704,579,0.3493590631236,0.579,999,"WS5E1193"
"WS5E1194",2,0.31735228492954,0.288859258875489,0.0459386760803093,753,0.620240470235591,0.753,999,"WS5E1194"
"WS5E1196",2,0.309010302012732,0.289251219289708,0.0441929862999069,671,0.447109018361708,0.671,999,"WS5E1196"
"WS5E1198",4,0.402066327287062,0.431601363409859,0.0359043834835729,162,-0.822602514155679,0.162,999,"WS5E1198"
"WS5E1199",5,0.414259268007165,0.459516164171911,0.0338957624274093,76,-1.33517858645805,0.076,999,"WS5E1199"
"WS5E1200",1,NA,NA,NA,NA,NA,NA,999,"WS5E1200"
"WS5E1202",5,0.450035922371806,0.45913790744563,0.0326531575536394,371,-0.278747470558445,0.371,999,"WS5E1202"
"WS5E1203",4,0.403893430302954,0.432406537515548,0.0364453756189843,198,-0.782351854750585,0.198,999,"WS5E1203"
"WS5E1204",2,0.246302381738383,0.28796938170343,0.047357442235228,155,-0.879840591011741,0.155,999,"WS5E1204"
"WS5E1205",1,NA,NA,NA,NA,NA,NA,999,"WS5E1205"
"WS5E1207",1,NA,NA,NA,NA,NA,NA,999,"WS5E1207"
"WS5E1208",5,0.437268616832684,0.461942293424936,0.031739622060762,206,-0.777377769181256,0.206,999,"WS5E1208"
"WS5E1209",2,0.238283249516201,0.283895863930334,0.0479434002267928,151,-0.951384636850254,0.151,999,"WS5E1209"
"WS5E1210",1,NA,NA,NA,NA,NA,NA,999,"WS5E1210"
"WS5E1211",1,NA,NA,NA,NA,NA,NA,999,"WS5E1211"
